,Unnamed: 0,station_name,total_flow,lat,long,com_flow,travel_time,new_route,sequence,original_cost,optimized
0,0,102,48125,26,19,0,0,0_3_0,0,24.61464148240982,13.440247068301852
1,1,94,15298,28,19,0,3,0_3_0,1,24.61464148240982,13.440247068301852
2,2,27,10223,25,16,0,5,0_3_0,2,24.61464148240982,13.440247068301852
3,3,8,17431,26,18,0,3,0_3_0,3,24.61464148240982,13.440247068301852
4,4,12,26287,21,17,52575,6,0_3_0,4,24.61464148240982,13.440247068301852
5,5,47,23465,22,22,46930,6,0_3_0,5,24.61464148240982,13.440247068301852
6,6,119,39303,19,22,52405,4,0_3_0,6,24.61464148240982,13.440247068301852
7,7,68,39157,18,19,52210,4,0_3_0,7,24.61464148240982,13.440247068301852
8,8,28,48150,16,20,48150,3,0_3_0,8,24.61464148240982,13.440247068301852
9,9,82,51855,14,19,51855,3,0_3_0,9,24.61464148240982,13.440247068301852
10,10,30,51515,12,18,51515,3,0_3_0,10,24.61464148240982,13.440247068301852
11,11,95,49845,13,20,49845,3,0_3_0,11,24.61464148240982,13.440247068301852
12,12,123,36112,14,23,48150,4,0_3_0,12,24.61464148240982,13.440247068301852
13,13,53,32643,17,26,54405,5,0_3_0,13,24.61464148240982,13.440247068301852
14,14,52,76132,18,27,50755,2,0_3_0,14,24.61464148240982,13.440247068301852
15,15,32,76312,19,27,50875,2,0_3_0,15,24.61464148240982,13.440247068301852
16,16,55,8653,20,32,0,6,0_3_0,16,24.61464148240982,13.440247068301852
17,17,48,48750,18,33,48750,3,0_3_0,17,24.61464148240982,13.440247068301852
18,18,39,22530,21,28,52570,7,0_3_0,18,24.61464148240982,13.440247068301852
19,19,34,11435,24,29,0,4,0_3_0,19,24.61464148240982,13.440247068301852
20,20,40,12861,24,26,0,4,0_3_0,20,24.61464148240982,13.440247068301852
21,21,26,11485,27,26,0,4,0_3_0,21,24.61464148240982,13.440247068301852
22,22,89,16393,28,24,0,3,0_3_0,22,24.61464148240982,13.440247068301852
23,23,122,24045,29,23,0,2,0_3_0,23,24.61464148240982,13.440247068301852
24,24,92,12975,31,25,0,4,0_3_0,24,24.61464148240982,13.440247068301852
25,25,34,45740,24,29,0,0,0_3_1,0,24.61464148240982,13.440247068301852
26,26,39,31542,21,28,52570,5,0_3_1,1,24.61464148240982,13.440247068301852
27,27,32,50875,19,27,50875,3,0_3_1,2,24.61464148240982,13.440247068301852
28,28,52,76132,18,27,50755,2,0_3_1,3,24.61464148240982,13.440247068301852
29,29,53,81607,17,26,54405,2,0_3_1,4,24.61464148240982,13.440247068301852
30,30,28,36112,16,20,48150,4,0_3_1,5,24.61464148240982,13.440247068301852
31,31,2,37410,19,19,49880,4,0_3_1,6,24.61464148240982,13.440247068301852
32,32,78,49850,20,17,49850,3,0_3_1,7,24.61464148240982,13.440247068301852
33,33,12,78862,21,17,52575,2,0_3_1,8,24.61464148240982,13.440247068301852
34,34,80,12435,20,14,0,4,0_3_1,9,24.61464148240982,13.440247068301852
35,35,49,8899,23,11,0,5,0_3_1,10,24.61464148240982,13.440247068301852
36,36,74,25065,24,10,0,2,0_3_1,11,24.61464148240982,13.440247068301852
37,37,46,10725,24,6,0,5,0_3_1,12,24.61464148240982,13.440247068301852
38,0,46,53625,24,6,53625,0,0_4_0,0,15.392582271762208,12.397956475583864
39,1,7,143115,24,6,47705,1,0_4_0,1,15.392582271762208,12.397956475583864
40,2,56,32319,21,4,53865,5,0_4_0,2,15.392582271762208,12.397956475583864
41,3,17,34248,19,6,45665,4,0_4_0,3,15.392582271762208,12.397956475583864
42,4,63,20783,16,1,48495,7,0_4_0,4,15.392582271762208,12.397956475583864
43,5,113,18570,23,1,49520,8,0_4_0,5,15.392582271762208,12.397956475583864
44,6,33,21510,27,6,50190,7,0_4_0,6,15.392582271762208,12.397956475583864
45,7,61,73410,26,6,48940,2,0_4_0,7,15.392582271762208,12.397956475583864
46,8,74,50130,24,10,50130,3,0_4_0,8,15.392582271762208,12.397956475583864
47,9,49,66742,23,11,44495,2,0_4_0,9,15.392582271762208,12.397956475583864
48,10,98,40181,21,13,53575,4,0_4_0,10,15.392582271762208,12.397956475583864
49,11,80,74610,20,14,49740,2,0_4_0,11,15.392582271762208,12.397956475583864
50,12,1,37421,23,16,49895,4,0_4_0,12,15.392582271762208,12.397956475583864
51,13,102,9625,26,19,0,5,0_4_0,13,15.392582271762208,12.397956475583864
52,14,8,26147,26,18,0,2,0_4_0,14,15.392582271762208,12.397956475583864
53,15,121,26682,27,18,0,2,0_4_0,15,15.392582271762208,12.397956475583864
54,16,117,12522,30,17,0,4,0_4_0,16,15.392582271762208,12.397956475583864
55,17,51,8125,32,12,0,6,0_4_0,17,15.392582271762208,12.397956475583864
56,18,21,7145,33,6,0,7,0_4_0,18,15.392582271762208,12.397956475583864
57,19,77,12631,32,9,0,4,0_4_0,19,15.392582271762208,12.397956475583864
58,20,93,16171,31,11,0,3,0_4_0,20,15.392582271762208,12.397956475583864
59,21,127,9459,27,11,0,5,0_4_0,21,15.392582271762208,12.397956475583864
60,22,61,20974,26,6,48940,7,0_4_1,0,15.392582271762208,12.397956475583864
61,23,7,47705,24,6,47705,3,0_4_1,1,15.392582271762208,12.397956475583864
62,24,46,160875,24,6,53625,1,0_4_1,2,15.392582271762208,12.397956475583864
63,25,33,37642,27,6,50190,4,0_4_1,3,15.392582271762208,12.397956475583864
64,26,113,21222,23,1,49520,7,0_4_1,4,15.392582271762208,12.397956475583864
65,27,63,18185,16,1,48495,8,0_4_1,5,15.392582271762208,12.397956475583864
66,28,17,19570,19,6,45665,7,0_4_1,6,15.392582271762208,12.397956475583864
67,29,56,40398,21,4,53865,4,0_4_1,7,15.392582271762208,12.397956475583864
68,30,100,25620,22,9,51240,6,0_4_1,8,15.392582271762208,12.397956475583864
69,31,74,50130,24,10,50130,3,0_4_1,9,15.392582271762208,12.397956475583864
70,32,49,66742,23,11,44495,2,0_4_1,10,15.392582271762208,12.397956475583864
71,33,98,40181,21,13,53575,4,0_4_1,11,15.392582271762208,12.397956475583864
72,34,1,29937,23,16,49895,5,0_4_1,12,15.392582271762208,12.397956475583864
73,35,80,29844,20,14,49740,5,0_4_1,13,15.392582271762208,12.397956475583864
74,36,3,16660,18,13,0,3,0_4_1,14,15.392582271762208,12.397956475583864
75,0,90,47790,14,29,0,0,2_2_0,0,64.52428399170405,51.866863454396416
76,1,114,11246,10,30,0,5,2_2_0,1,64.52428399170405,51.866863454396416
77,2,18,17623,10,32,0,3,2_2_0,2,64.52428399170405,51.866863454396416
78,3,60,9978,11,28,0,5,2_2_0,3,64.52428399170405,51.866863454396416
79,4,44,10200,7,30,0,5,2_2_0,4,64.52428399170405,51.866863454396416
80,5,5,9709,3,29,0,5,2_2_0,5,64.52428399170405,51.866863454396416
81,6,19,35433,1,27,47245,4,2_2_0,6,64.52428399170405,51.866863454396416
82,7,11,13018,1,24,0,4,2_2_0,7,64.52428399170405,51.866863454396416
83,8,118,35088,1,21,46785,4,2_2_0,8,64.52428399170405,51.866863454396416
84,9,87,55015,1,21,0,1,2_2_0,9,64.52428399170405,51.866863454396416
85,10,25,24595,4,17,49190,6,2_2_0,10,64.52428399170405,51.866863454396416
86,11,41,77857,30,16,51905,2,2_2_0,11,64.52428399170405,51.866863454396416
87,12,27,25557,25,16,51115,6,2_2_0,12,64.52428399170405,51.866863454396416
88,13,102,36093,26,19,48125,4,2_2_0,13,64.52428399170405,51.866863454396416
89,14,121,80047,27,18,53365,2,2_2_0,14,64.52428399170405,51.866863454396416
90,15,94,22947,28,19,0,2,2_2_0,15,64.52428399170405,51.866863454396416
91,16,8,52295,26,18,52295,3,2_2_0,16,64.52428399170405,51.866863454396416
92,17,12,17525,21,17,0,3,2_2_0,17,64.52428399170405,51.866863454396416
93,18,47,23465,22,22,46930,6,2_2_0,18,64.52428399170405,51.866863454396416
94,19,119,13101,19,22,0,4,2_2_0,19,64.52428399170405,51.866863454396416
95,20,53,81607,17,26,54405,2,2_2_0,20,64.52428399170405,51.866863454396416
96,21,123,9630,14,23,0,5,2_2_0,21,64.52428399170405,51.866863454396416
97,22,30,8585,12,18,0,6,2_2_0,22,64.52428399170405,51.866863454396416
98,23,6,24887,7,18,49775,6,2_2_0,23,64.52428399170405,51.866863454396416
99,24,62,52740,7,12,0,0,2_2_1,0,64.52428399170405,51.866863454396416
100,25,54,10323,11,11,0,5,2_2_1,1,64.52428399170405,51.866863454396416
101,26,15,25565,10,11,0,2,2_2_1,2,64.52428399170405,51.866863454396416
102,27,101,9775,12,7,0,5,2_2_1,3,64.52428399170405,51.866863454396416
103,28,97,71805,12,6,47870,2,2_2_1,4,64.52428399170405,51.866863454396416
104,29,72,147225,12,6,49075,1,2_2_1,5,64.52428399170405,51.866863454396416
105,30,79,83880,13,6,55920,2,2_2_1,6,64.52428399170405,51.866863454396416
106,31,13,8796,8,5,0,6,2_2_1,7,64.52428399170405,51.866863454396416
107,32,57,10323,6,3,0,4,2_2_1,8,64.52428399170405,51.866863454396416
108,33,69,12638,3,4,0,4,2_2_1,9,64.52428399170405,51.866863454396416
109,34,111,28680,3,9,57360,6,2_2_1,10,64.52428399170405,51.866863454396416
110,35,94,22947,28,19,0,2,2_2_1,11,64.52428399170405,51.866863454396416
111,36,8,31377,26,18,52295,5,2_2_1,12,64.52428399170405,51.866863454396416
112,37,121,80047,27,18,53365,2,2_2_1,13,64.52428399170405,51.866863454396416
113,38,66,33866,30,17,45155,4,2_2_1,14,64.52428399170405,51.866863454396416
114,39,117,150270,30,17,50090,1,2_2_1,15,64.52428399170405,51.866863454396416
115,40,102,28875,26,19,48125,5,2_2_1,16,64.52428399170405,51.866863454396416
116,41,27,38336,25,16,51115,4,2_2_1,17,64.52428399170405,51.866863454396416
117,42,12,17525,21,17,0,3,2_2_1,18,64.52428399170405,51.866863454396416
118,43,47,23465,22,22,46930,6,2_2_1,19,64.52428399170405,51.866863454396416
119,44,119,13101,19,22,0,4,2_2_1,20,64.52428399170405,51.866863454396416
120,45,53,32643,17,26,54405,5,2_2_1,21,64.52428399170405,51.866863454396416
121,46,52,76132,18,27,50755,2,2_2_1,22,64.52428399170405,51.866863454396416
122,47,39,39427,21,28,52570,4,2_2_1,23,64.52428399170405,51.866863454396416
123,0,118,46785,1,21,0,0,2_3_0,0,62.312865520728025,49.90008695652175
124,1,87,55015,1,21,0,1,2_3_0,1,62.312865520728025,49.90008695652175
125,2,11,13018,1,24,0,4,2_3_0,2,62.312865520728025,49.90008695652175
126,3,19,11811,1,27,0,4,2_3_0,3,62.312865520728025,49.90008695652175
127,4,5,12136,3,29,0,4,2_3_0,4,62.312865520728025,49.90008695652175
128,5,70,25422,3,28,0,2,2_3_0,5,62.312865520728025,49.90008695652175
129,6,110,25845,2,27,0,2,2_3_0,6,62.312865520728025,49.90008695652175
130,7,44,7285,7,30,0,7,2_3_0,7,62.312865520728025,49.90008695652175
131,8,91,26192,8,30,0,2,2_3_0,8,62.312865520728025,49.90008695652175
132,9,60,29934,11,28,49890,5,2_3_0,9,62.312865520728025,49.90008695652175
133,10,18,31722,10,32,52870,5,2_3_0,10,62.312865520728025,49.90008695652175
134,11,43,15626,11,30,0,3,2_3_0,11,62.312865520728025,49.90008695652175
135,12,106,7082,7,25,0,7,2_3_0,12,62.312865520728025,49.90008695652175
136,13,59,17370,8,23,0,3,2_3_0,13,62.312865520728025,49.90008695652175
137,14,37,26960,7,18,53920,6,2_3_0,14,62.312865520728025,49.90008695652175
138,15,81,39371,10,17,52495,4,2_3_0,15,62.312865520728025,49.90008695652175
139,16,30,17171,12,18,0,3,2_3_0,16,62.312865520728025,49.90008695652175
140,17,95,49845,13,20,49845,3,2_3_0,17,62.312865520728025,49.90008695652175
141,18,24,38126,14,12,50835,4,2_3_0,18,62.312865520728025,49.90008695652175
142,19,115,24565,17,8,49130,6,2_3_0,19,62.312865520728025,49.90008695652175
143,20,17,11416,19,6,0,4,2_3_0,20,62.312865520728025,49.90008695652175
144,21,78,74775,20,17,49850,2,2_3_0,21,62.312865520728025,49.90008695652175
145,22,68,13052,18,19,0,4,2_3_0,22,62.312865520728025,49.90008695652175
146,23,96,45305,35,18,0,0,2_3_1,0,62.312865520728025,49.90008695652175
147,24,83,29688,31,20,49480,5,2_3_1,1,62.312865520728025,49.90008695652175
148,25,45,72607,31,19,48405,2,2_3_1,2,62.312865520728025,49.90008695652175
149,26,121,26682,27,18,0,2,2_3_1,3,62.312865520728025,49.90008695652175
150,27,27,12778,25,16,0,4,2_3_1,4,62.312865520728025,49.90008695652175
151,28,1,49895,23,16,49895,3,2_3_1,5,62.312865520728025,49.90008695652175
152,29,12,17525,21,17,0,3,2_3_1,6,62.312865520728025,49.90008695652175
153,30,80,12435,20,14,0,4,2_3_1,7,62.312865520728025,49.90008695652175
154,31,38,13202,17,13,0,4,2_3_1,8,62.312865520728025,49.90008695652175
155,32,24,50835,14,12,50835,3,2_3_1,9,62.312865520728025,49.90008695652175
156,33,54,12903,11,11,0,4,2_3_1,10,62.312865520728025,49.90008695652175
157,34,15,38347,10,11,51130,4,2_3_1,11,62.312865520728025,49.90008695652175
158,35,101,29325,12,7,48875,5,2_3_1,12,62.312865520728025,49.90008695652175
159,0,83,49480,31,20,0,0,3_1_0,0,62.64704069276777,58.94995413348991
160,1,66,33866,30,17,45155,4,3_1_0,1,62.64704069276777,58.94995413348991
161,2,117,150270,30,17,50090,1,3_1_0,2,62.64704069276777,58.94995413348991
162,3,41,77857,30,16,51905,2,3_1_0,3,62.64704069276777,58.94995413348991
163,4,27,25557,25,16,51115,6,3_1_0,4,62.64704069276777,58.94995413348991
164,5,8,52295,26,18,52295,3,3_1_0,5,62.64704069276777,58.94995413348991
165,6,102,72187,26,19,48125,2,3_1_0,6,62.64704069276777,58.94995413348991
166,7,121,80047,27,18,53365,2,3_1_0,7,62.64704069276777,58.94995413348991
167,8,1,9979,23,16,0,5,3_1_0,8,62.64704069276777,58.94995413348991
168,9,107,77992,6,12,51995,2,3_1_0,9,62.64704069276777,58.94995413348991
169,10,103,31617,3,14,52695,5,3_1_0,10,62.64704069276777,58.94995413348991
170,11,88,48855,3,12,48855,3,3_1_0,11,62.64704069276777,58.94995413348991
171,12,111,14340,3,9,0,4,3_1_0,12,62.64704069276777,58.94995413348991
172,13,85,75682,3,8,50455,2,3_1_0,13,62.64704069276777,58.94995413348991
173,14,57,5899,6,3,0,7,3_1_0,14,62.64704069276777,58.94995413348991
174,15,35,28776,3,1,47960,5,3_1_0,15,62.64704069276777,58.94995413348991
175,16,69,12638,3,4,0,4,3_1_0,16,62.64704069276777,58.94995413348991
176,17,13,8796,8,5,0,6,3_1_0,17,62.64704069276777,58.94995413348991
177,18,4,24622,9,5,0,2,3_1_0,18,62.64704069276777,58.94995413348991
178,19,72,12268,12,6,0,4,3_1_0,19,62.64704069276777,58.94995413348991
179,20,97,47870,12,6,0,1,3_1_0,20,62.64704069276777,58.94995413348991
180,21,79,27960,13,6,0,2,3_1_0,21,62.64704069276777,58.94995413348991
181,22,47,46930,22,22,0,0,3_1_1,0,62.64704069276777,58.94995413348991
182,23,119,39303,19,22,52405,4,3_1_1,1,62.64704069276777,58.94995413348991
183,24,2,12470,19,19,0,4,3_1_1,2,62.64704069276777,58.94995413348991
184,25,68,26105,18,19,0,2,3_1_1,3,62.64704069276777,58.94995413348991
185,26,78,37387,20,17,49850,4,3_1_1,4,62.64704069276777,58.94995413348991
186,27,12,26287,21,17,0,2,3_1_1,5,62.64704069276777,58.94995413348991
187,28,27,30669,25,16,51115,5,3_1_1,6,62.64704069276777,58.94995413348991
188,29,49,7415,23,11,0,6,3_1_1,7,62.64704069276777,58.94995413348991
189,30,100,17080,22,9,0,3,3_1_1,8,62.64704069276777,58.94995413348991
190,31,56,26932,21,4,53865,6,3_1_1,9,62.64704069276777,58.94995413348991
191,32,46,32175,24,6,53625,5,3_1_1,10,62.64704069276777,58.94995413348991
192,33,61,48940,26,6,48940,3,3_1_1,11,62.64704069276777,58.94995413348991
193,34,7,47705,24,6,47705,3,3_1_1,12,62.64704069276777,58.94995413348991
194,35,113,24760,23,1,49520,6,3_1_1,13,62.64704069276777,58.94995413348991
195,36,63,18185,16,1,48495,8,3_1_1,14,62.64704069276777,58.94995413348991
196,37,17,19570,19,6,45665,7,3_1_1,15,62.64704069276777,58.94995413348991
197,38,115,12282,17,8,0,4,3_1_1,16,62.64704069276777,58.94995413348991
198,39,109,147360,7,12,49120,1,3_1_1,17,62.64704069276777,58.94995413348991
199,40,107,77992,6,12,51995,2,3_1_1,18,62.64704069276777,58.94995413348991
200,0,44,51000,7,30,51000,0,3_2_0,0,67.91541036202038,61.08736440494256
201,1,110,22152,2,27,51690,7,3_2_0,1,67.91541036202038,61.08736440494256
202,2,19,23622,1,27,0,2,3_2_0,2,67.91541036202038,61.08736440494256
203,3,11,39056,1,24,52075,4,3_2_0,3,67.91541036202038,61.08736440494256
204,4,118,11696,1,21,0,4,3_2_0,4,67.91541036202038,61.08736440494256
205,5,87,55015,1,21,0,1,3_2_0,5,67.91541036202038,61.08736440494256
206,6,25,8198,4,17,0,6,3_2_0,6,67.91541036202038,61.08736440494256
207,7,88,8142,3,12,0,6,3_2_0,7,67.91541036202038,61.08736440494256
208,8,62,10548,7,12,0,5,3_2_0,8,67.91541036202038,61.08736440494256
209,9,116,51200,7,10,51200,3,3_2_0,9,67.91541036202038,61.08736440494256
210,10,107,17331,6,12,0,3,3_2_0,10,67.91541036202038,61.08736440494256
211,11,109,24560,7,12,0,2,3_2_0,11,67.91541036202038,61.08736440494256
212,12,15,12782,10,11,0,4,3_2_0,12,67.91541036202038,61.08736440494256
213,13,54,77422,11,11,51615,2,3_2_0,13,67.91541036202038,61.08736440494256
214,14,67,16343,12,13,0,3,3_2_0,14,67.91541036202038,61.08736440494256
215,15,73,24765,13,14,0,2,3_2_0,15,67.91541036202038,61.08736440494256
216,16,125,143235,13,14,47745,1,3_2_0,16,67.91541036202038,61.08736440494256
217,17,50,24650,14,13,0,2,3_2_0,17,67.91541036202038,61.08736440494256
218,18,24,25417,14,12,0,2,3_2_0,18,67.91541036202038,61.08736440494256
219,19,75,51490,16,11,51490,3,3_2_0,19,67.91541036202038,61.08736440494256
220,20,3,12495,18,13,0,4,3_2_0,20,67.91541036202038,61.08736440494256
221,21,98,13393,21,13,0,4,3_2_0,21,67.91541036202038,61.08736440494256
222,22,12,31545,21,17,52575,5,3_2_0,22,67.91541036202038,61.08736440494256
223,23,2,12470,19,19,0,4,3_2_0,23,67.91541036202038,61.08736440494256
224,24,82,25927,14,19,51855,6,3_2_0,24,67.91541036202038,61.08736440494256
225,25,4,49245,9,5,49245,0,3_2_1,0,67.91541036202038,61.08736440494256
226,26,72,36806,12,6,49075,4,3_2_1,1,67.91541036202038,61.08736440494256
227,27,101,24437,12,7,0,2,3_2_1,2,67.91541036202038,61.08736440494256
228,28,97,71805,12,6,47870,2,3_2_1,3,67.91541036202038,61.08736440494256
229,29,79,27960,13,6,0,2,3_2_1,4,67.91541036202038,61.08736440494256
230,30,13,26390,8,5,52780,6,3_2_1,5,67.91541036202038,61.08736440494256
231,31,69,8425,3,4,0,6,3_2_1,6,67.91541036202038,61.08736440494256
232,32,85,10091,3,8,0,5,3_2_1,7,67.91541036202038,61.08736440494256
233,33,111,28680,3,9,0,2,3_2_1,8,67.91541036202038,61.08736440494256
234,34,88,12213,3,12,0,4,3_2_1,9,67.91541036202038,61.08736440494256
235,35,107,12998,6,12,0,4,3_2_1,10,67.91541036202038,61.08736440494256
236,36,30,51515,12,18,51515,3,3_2_1,11,67.91541036202038,61.08736440494256
237,37,95,37383,13,20,49845,4,3_2_1,12,67.91541036202038,61.08736440494256
238,38,123,36112,14,23,48150,4,3_2_1,13,67.91541036202038,61.08736440494256
239,39,53,10881,17,26,0,5,3_2_1,14,67.91541036202038,61.08736440494256
240,40,32,50875,19,27,50875,3,3_2_1,15,67.91541036202038,61.08736440494256
241,41,90,23895,14,29,47790,6,3_2_1,16,67.91541036202038,61.08736440494256
242,42,43,35160,11,30,46880,4,3_2_1,17,67.91541036202038,61.08736440494256
243,43,114,84345,10,30,56230,2,3_2_1,18,67.91541036202038,61.08736440494256
244,44,91,52385,8,30,52385,3,3_2_1,19,67.91541036202038,61.08736440494256
245,45,44,76500,7,30,51000,2,3_2_1,20,67.91541036202038,61.08736440494256
246,46,29,76860,6,35,51240,2,3_2_1,21,67.91541036202038,61.08736440494256
247,47,104,10160,4,31,0,5,3_2_1,22,67.91541036202038,61.08736440494256
248,48,5,16181,3,29,0,3,3_2_1,23,67.91541036202038,61.08736440494256
249,49,110,51690,2,27,51690,3,3_2_1,24,67.91541036202038,61.08736440494256
250,0,111,57360,3,9,57360,0,3_3_0,0,71.27355245651212,67.4042408712364
251,1,85,25227,3,8,0,2,3_3_0,1,71.27355245651212,67.4042408712364
252,2,51,48755,32,12,0,0,3_3_0,2,71.27355245651212,67.4042408712364
253,3,84,163200,32,12,54400,1,3_3_0,3,71.27355245651212,67.4042408712364
254,4,77,37893,32,9,50525,4,3_3_0,4,71.27355245651212,67.4042408712364
255,5,14,31800,34,13,53000,5,3_3_0,5,71.27355245651212,67.4042408712364
256,6,20,13521,36,3,49580,11,3_3_0,6,71.27355245651212,67.4042408712364
257,7,21,37511,33,6,50015,4,3_3_0,7,71.27355245651212,67.4042408712364
258,8,49,22247,23,11,0,2,3_3_0,8,71.27355245651212,67.4042408712364
259,9,3,8330,18,13,0,6,3_3_0,9,71.27355245651212,67.4042408712364
260,10,38,79215,17,13,52810,2,3_3_0,10,71.27355245651212,67.4042408712364
261,11,75,17163,16,11,0,3,3_3_0,11,71.27355245651212,67.4042408712364
262,12,50,36975,14,13,49300,4,3_3_0,12,71.27355245651212,67.4042408712364
263,13,125,23872,13,14,0,2,3_3_0,13,71.27355245651212,67.4042408712364
264,14,10,10562,10,16,0,5,3_3_0,14,71.27355245651212,67.4042408712364
265,15,64,26537,8,21,53075,6,3_3_0,15,71.27355245651212,67.4042408712364
266,16,59,52110,8,23,52110,3,3_3_0,16,71.27355245651212,67.4042408712364
267,17,37,40440,7,18,53920,4,3_3_0,17,71.27355245651212,67.4042408712364
268,18,30,8585,12,18,0,6,3_3_0,18,71.27355245651212,67.4042408712364
269,19,95,16615,13,20,0,3,3_3_0,19,71.27355245651212,67.4042408712364
270,20,28,12037,16,20,0,4,3_3_0,20,71.27355245651212,67.4042408712364
271,21,53,23316,17,26,54405,7,3_3_0,21,71.27355245651212,67.4042408712364
272,22,52,76132,18,27,50755,2,3_3_0,22,71.27355245651212,67.4042408712364
273,0,70,50845,3,28,50845,0,4_0_0,0,67.91474482187243,58.644076222038166
274,1,112,17572,1,35,46860,8,4_0_0,1,67.91474482187243,58.644076222038166
275,2,65,30324,5,34,50540,5,4_0_0,2,67.91474482187243,58.644076222038166
276,3,29,76860,6,35,51240,2,4_0_0,3,67.91474482187243,58.644076222038166
277,4,44,25500,7,30,51000,6,4_0_0,4,67.91474482187243,58.644076222038166
278,5,114,42172,10,30,56230,4,4_0_0,5,67.91474482187243,58.644076222038166
279,6,27,51115,25,16,51115,3,4_0_0,6,67.91474482187243,58.644076222038166
280,7,121,40023,27,18,53365,4,4_0_0,7,67.91474482187243,58.644076222038166
281,8,8,78442,26,18,52295,2,4_0_0,8,67.91474482187243,58.644076222038166
282,9,66,27093,30,17,45155,5,4_0_0,9,67.91474482187243,58.644076222038166
283,10,51,8125,32,12,0,6,4_0_0,10,67.91474482187243,58.644076222038166
284,11,14,17666,34,13,0,3,4_0_0,11,67.91474482187243,58.644076222038166
285,12,93,29109,31,11,48515,5,4_0_0,12,67.91474482187243,58.644076222038166
286,13,41,77857,30,16,51905,2,4_0_0,13,67.91474482187243,58.644076222038166
287,14,117,75135,30,17,50090,2,4_0_0,14,67.91474482187243,58.644076222038166
288,15,83,12370,31,20,0,4,4_0_0,15,67.91474482187243,58.644076222038166
289,16,68,52210,18,19,0,0,4_0_1,0,67.91474482187243,58.644076222038166
290,17,119,39303,19,22,52405,4,4_0_1,1,67.91474482187243,58.644076222038166
291,18,28,28890,16,20,48150,5,4_0_1,2,67.91474482187243,58.644076222038166
292,19,123,9630,14,23,0,5,4_0_1,3,67.91474482187243,58.644076222038166
293,20,53,10881,17,26,0,5,4_0_1,4,67.91474482187243,58.644076222038166
294,21,32,50875,19,27,50875,3,4_0_1,5,67.91474482187243,58.644076222038166
295,22,90,23895,14,29,47790,6,4_0_1,6,67.91474482187243,58.644076222038166
296,23,43,35160,11,30,46880,4,4_0_1,7,67.91474482187243,58.644076222038166
297,24,105,22690,7,26,52945,7,4_0_1,8,67.91474482187243,58.644076222038166
298,25,106,74362,7,25,49575,2,4_0_1,9,67.91474482187243,58.644076222038166
299,26,59,52110,8,23,52110,3,4_0_1,10,67.91474482187243,58.644076222038166
300,27,64,53075,8,21,53075,3,4_0_1,11,67.91474482187243,58.644076222038166
301,28,10,8801,10,16,0,6,4_0_1,12,67.91474482187243,58.644076222038166
302,29,71,39397,12,14,52530,4,4_0_1,13,67.91474482187243,58.644076222038166
303,30,73,24765,13,14,0,2,4_0_1,14,67.91474482187243,58.644076222038166
304,31,24,50835,14,12,50835,3,4_0_1,15,67.91474482187243,58.644076222038166
305,32,38,39607,17,13,52810,4,4_0_1,16,67.91474482187243,58.644076222038166
306,33,98,10715,21,13,0,5,4_0_1,17,67.91474482187243,58.644076222038166
307,34,49,11123,23,11,0,4,4_0_1,18,67.91474482187243,58.644076222038166
308,35,27,25557,25,16,51115,6,4_0_1,19,67.91474482187243,58.644076222038166
309,36,41,77857,30,16,51905,2,4_0_1,20,67.91474482187243,58.644076222038166
310,37,117,75135,30,17,50090,2,4_0_1,21,67.91474482187243,58.644076222038166
311,38,83,12370,31,20,0,4,4_0_1,22,67.91474482187243,58.644076222038166
312,0,34,45740,24,29,0,0,4_2_0,0,66.8407997838422,61.26754931099702
313,1,31,25572,25,30,0,2,4_2_0,1,66.8407997838422,61.26754931099702
314,2,39,31542,21,28,52570,5,4_2_0,2,66.8407997838422,61.26754931099702
315,3,48,20892,18,33,48750,7,4_2_0,3,66.8407997838422,61.26754931099702
316,4,55,17306,20,32,0,3,4_2_0,4,66.8407997838422,61.26754931099702
317,5,52,25377,18,27,50755,6,4_2_0,5,66.8407997838422,61.26754931099702
318,6,32,25437,19,27,0,2,4_2_0,6,66.8407997838422,61.26754931099702
319,7,53,54405,17,26,54405,3,4_2_0,7,66.8407997838422,61.26754931099702
320,8,28,6878,16,20,0,7,4_2_0,8,66.8407997838422,61.26754931099702
321,9,2,12470,19,19,0,4,4_2_0,9,66.8407997838422,61.26754931099702
322,10,12,13143,21,17,0,4,4_2_0,10,66.8407997838422,61.26754931099702
323,11,80,37305,20,14,49740,4,4_2_0,11,66.8407997838422,61.26754931099702
324,12,98,80362,21,13,53575,2,4_2_0,12,66.8407997838422,61.26754931099702
325,13,3,37485,18,13,49980,4,4_2_0,13,66.8407997838422,61.26754931099702
326,14,49,33371,23,11,44495,4,4_2_0,14,66.8407997838422,61.26754931099702
327,15,74,75195,24,10,50130,2,4_2_0,15,66.8407997838422,61.26754931099702
328,16,100,51240,22,9,51240,3,4_2_0,16,66.8407997838422,61.26754931099702
329,17,56,26932,21,4,53865,6,4_2_0,17,66.8407997838422,61.26754931099702
330,18,17,34248,19,6,45665,4,4_2_0,18,66.8407997838422,61.26754931099702
331,19,63,20783,16,1,48495,7,4_2_0,19,66.8407997838422,61.26754931099702
332,20,20,49580,36,3,0,0,4_2_1,0,66.8407997838422,61.26754931099702
333,21,86,11238,35,6,0,4,4_2_1,1,66.8407997838422,61.26754931099702
334,22,21,16671,33,6,0,3,4_2_1,2,66.8407997838422,61.26754931099702
335,23,51,20895,32,12,48755,7,4_2_1,3,66.8407997838422,61.26754931099702
336,24,77,12631,32,9,0,4,4_2_1,4,66.8407997838422,61.26754931099702
337,25,84,13600,32,12,0,4,4_2_1,5,66.8407997838422,61.26754931099702
338,26,14,17666,34,13,0,3,4_2_1,6,66.8407997838422,61.26754931099702
339,27,96,22652,35,18,45305,6,4_2_1,7,66.8407997838422,61.26754931099702
340,28,83,29688,31,20,49480,5,4_2_1,8,66.8407997838422,61.26754931099702
341,29,45,72607,31,19,48405,2,4_2_1,9,66.8407997838422,61.26754931099702
342,30,94,11473,28,19,0,4,4_2_1,10,66.8407997838422,61.26754931099702
343,31,102,16041,26,19,0,3,4_2_1,11,66.8407997838422,61.26754931099702
344,32,8,26147,26,18,0,2,4_2_1,12,66.8407997838422,61.26754931099702
345,33,27,17038,25,16,0,3,4_2_1,13,66.8407997838422,61.26754931099702
346,34,49,33371,23,11,44495,4,4_2_1,14,66.8407997838422,61.26754931099702
347,35,74,50130,24,10,50130,3,4_2_1,15,66.8407997838422,61.26754931099702
348,36,7,28623,24,6,47705,5,4_2_1,16,66.8407997838422,61.26754931099702
349,37,46,160875,24,6,53625,1,4_2_1,17,66.8407997838422,61.26754931099702
350,38,113,24760,23,1,49520,6,4_2_1,18,66.8407997838422,61.26754931099702
351,39,33,7170,27,6,0,7,4_2_1,19,66.8407997838422,61.26754931099702
352,40,61,73410,26,6,48940,2,4_2_1,20,66.8407997838422,61.26754931099702
353,41,56,26932,21,4,53865,6,4_2_1,21,66.8407997838422,61.26754931099702
354,42,17,34248,19,6,45665,4,4_2_1,22,66.8407997838422,61.26754931099702
355,43,63,20783,16,1,48495,7,4_2_1,23,66.8407997838422,61.26754931099702
356,0,108,51780,10,1,0,0,4_3_0,0,69.6234276332407,64.79152311189686
357,1,4,29547,9,5,49245,5,4_3_0,1,69.6234276332407,64.79152311189686
358,2,13,79170,8,5,52780,2,4_3_0,2,69.6234276332407,64.79152311189686
359,3,69,25277,3,4,50555,6,4_3_0,3,69.6234276332407,64.79152311189686
360,4,85,10091,3,8,0,5,4_3_0,4,69.6234276332407,64.79152311189686
361,5,77,37893,32,9,50525,4,4_3_0,5,69.6234276332407,64.79152311189686
362,6,20,18592,36,3,49580,8,4_3_0,6,69.6234276332407,64.79152311189686
363,7,86,33716,35,6,44955,4,4_3_0,7,69.6234276332407,64.79152311189686
364,8,21,50015,33,6,50015,3,4_3_0,8,69.6234276332407,64.79152311189686
365,9,93,8085,31,11,0,6,4_3_0,9,69.6234276332407,64.79152311189686
366,10,127,28377,27,11,47295,5,4_3_0,10,69.6234276332407,64.79152311189686
367,11,82,51855,14,19,51855,3,4_3_0,11,69.6234276332407,64.79152311189686
368,12,123,28890,14,23,48150,5,4_3_0,12,69.6234276332407,64.79152311189686
369,13,95,12461,13,20,0,4,4_3_0,13,69.6234276332407,64.79152311189686
370,14,30,51515,12,18,51515,3,4_3_0,14,69.6234276332407,64.79152311189686
371,15,81,17498,10,17,0,3,4_3_0,15,69.6234276332407,64.79152311189686
372,16,37,13480,7,18,0,4,4_3_0,16,69.6234276332407,64.79152311189686
373,17,6,149325,7,18,49775,1,4_3_0,17,69.6234276332407,64.79152311189686
374,18,25,36892,4,17,49190,4,4_3_0,18,69.6234276332407,64.79152311189686
375,19,118,23392,1,21,46785,6,4_3_0,19,69.6234276332407,64.79152311189686
376,20,87,55015,1,21,0,1,4_3_0,20,69.6234276332407,64.79152311189686
377,21,19,20247,1,27,47245,7,4_3_0,21,69.6234276332407,64.79152311189686
378,22,105,7563,7,26,0,7,4_3_0,22,69.6234276332407,64.79152311189686
379,23,60,29934,11,28,49890,5,4_3_0,23,69.6234276332407,64.79152311189686
380,24,18,31722,10,32,52870,5,4_3_0,24,69.6234276332407,64.79152311189686
381,0,6,49775,7,18,0,0,5_0_0,0,58.53086059595749,55.29042717232758
382,1,37,161760,7,18,53920,1,5_0_0,1,58.53086059595749,55.29042717232758
383,2,10,10562,10,16,0,5,5_0_0,2,58.53086059595749,55.29042717232758
384,3,81,26247,10,17,0,2,5_0_0,3,58.53086059595749,55.29042717232758
385,4,30,51515,12,18,51515,3,5_0_0,4,58.53086059595749,55.29042717232758
386,5,95,49845,13,20,49845,3,5_0_0,5,58.53086059595749,55.29042717232758
387,6,82,77782,14,19,51855,2,5_0_0,6,58.53086059595749,55.29042717232758
388,7,28,16050,16,20,0,3,5_0_0,7,58.53086059595749,55.29042717232758
389,8,68,17403,18,19,0,3,5_0_0,8,58.53086059595749,55.29042717232758
390,9,78,12462,20,17,0,4,5_0_0,9,58.53086059595749,55.29042717232758
391,10,1,12473,23,16,0,4,5_0_0,10,58.53086059595749,55.29042717232758
392,11,27,51115,25,16,51115,3,5_0_0,11,58.53086059595749,55.29042717232758
393,12,102,36093,26,19,48125,4,5_0_0,12,58.53086059595749,55.29042717232758
394,13,8,78442,26,18,52295,2,5_0_0,13,58.53086059595749,55.29042717232758
395,14,121,80047,27,18,53365,2,5_0_0,14,58.53086059595749,55.29042717232758
396,15,66,33866,30,17,45155,4,5_0_0,15,58.53086059595749,55.29042717232758
397,16,117,150270,30,17,50090,1,5_0_0,16,58.53086059595749,55.29042717232758
398,17,41,77857,30,16,51905,2,5_0_0,17,58.53086059595749,55.29042717232758
399,18,45,12101,31,19,0,4,5_0_0,18,58.53086059595749,55.29042717232758
400,19,96,9061,35,18,0,5,5_0_0,19,58.53086059595749,55.29042717232758
401,20,14,8833,34,13,0,6,5_0_0,20,58.53086059595749,55.29042717232758
402,21,84,54400,32,12,54400,3,5_0_0,21,58.53086059595749,55.29042717232758
403,0,33,50190,27,6,0,0,5_1_0,0,71.36612665684835,63.531809754829794
404,1,61,73410,26,6,48940,2,5_1_0,1,71.36612665684835,63.531809754829794
405,2,7,47705,24,6,47705,3,5_1_0,2,71.36612665684835,63.531809754829794
406,3,56,32319,21,4,53865,5,5_1_0,3,71.36612665684835,63.531809754829794
407,4,46,32175,24,6,53625,5,5_1_0,4,71.36612665684835,63.531809754829794
408,5,112,23430,1,35,46860,6,5_1_0,5,71.36612665684835,63.531809754829794
409,6,5,6935,3,29,0,7,5_1_0,6,71.36612665684835,63.531809754829794
410,7,110,77535,2,27,51690,2,5_1_0,7,71.36612665684835,63.531809754829794
411,8,11,39056,1,24,52075,4,5_1_0,8,71.36612665684835,63.531809754829794
412,9,118,35088,1,21,46785,4,5_1_0,9,71.36612665684835,63.531809754829794
413,10,25,24595,4,17,49190,6,5_1_0,10,71.36612665684835,63.531809754829794
414,11,6,37331,7,18,49775,4,5_1_0,11,71.36612665684835,63.531809754829794
415,12,37,53920,7,18,0,1,5_1_0,12,71.36612665684835,63.531809754829794
416,13,59,8685,8,23,0,6,5_1_0,13,71.36612665684835,63.531809754829794
417,14,64,17691,8,21,0,3,5_1_0,14,71.36612665684835,63.531809754829794
418,15,81,10499,10,17,0,5,5_1_0,15,71.36612665684835,63.531809754829794
419,16,10,26405,10,16,0,2,5_1_0,16,71.36612665684835,63.531809754829794
420,17,71,13132,12,14,0,4,5_1_0,17,71.36612665684835,63.531809754829794
421,18,67,24515,12,13,0,2,5_1_0,18,71.36612665684835,63.531809754829794
422,19,50,73950,14,13,49300,2,5_1_0,19,71.36612665684835,63.531809754829794
423,20,3,9996,18,13,0,5,5_1_0,20,71.36612665684835,63.531809754829794
424,21,12,8762,21,17,0,6,5_1_0,21,71.36612665684835,63.531809754829794
425,22,78,74775,20,17,49850,2,5_1_0,22,71.36612665684835,63.531809754829794
426,23,1,37421,23,16,49895,4,5_1_0,23,71.36612665684835,63.531809754829794
427,24,121,10673,27,18,0,5,5_1_0,24,71.36612665684835,63.531809754829794
428,0,93,48515,31,11,0,0,5_2_0,0,68.48012645914392,62.515463035019415
429,1,51,24377,32,12,0,2,5_2_0,1,68.48012645914392,62.515463035019415
430,2,84,54400,32,12,0,1,5_2_0,2,68.48012645914392,62.515463035019415
431,3,14,17666,34,13,0,3,5_2_0,3,68.48012645914392,62.515463035019415
432,4,96,22652,35,18,45305,6,5_2_0,4,68.48012645914392,62.515463035019415
433,5,67,49030,12,13,49030,3,5_2_0,5,68.48012645914392,62.515463035019415
434,6,15,12782,10,11,0,4,5_2_0,6,68.48012645914392,62.515463035019415
435,7,109,36840,7,12,49120,4,5_2_0,7,68.48012645914392,62.515463035019415
436,8,62,158220,7,12,52740,1,5_2_0,8,68.48012645914392,62.515463035019415
437,9,107,77992,6,12,51995,2,5_2_0,9,68.48012645914392,62.515463035019415
438,10,88,36641,3,12,48855,4,5_2_0,10,68.48012645914392,62.515463035019415
439,11,103,52695,3,14,52695,3,5_2_0,11,68.48012645914392,62.515463035019415
440,12,25,12297,4,17,0,4,5_2_0,12,68.48012645914392,62.515463035019415
441,13,6,12443,7,18,0,4,5_2_0,13,68.48012645914392,62.515463035019415
442,14,37,53920,7,18,0,1,5_2_0,14,68.48012645914392,62.515463035019415
443,15,10,79215,10,16,52810,2,5_2_0,15,68.48012645914392,62.515463035019415
444,16,82,17285,14,19,0,3,5_2_0,16,68.48012645914392,62.515463035019415
445,17,68,31326,18,19,52210,5,5_2_0,17,68.48012645914392,62.515463035019415
446,18,47,23465,22,22,46930,6,5_2_0,18,68.48012645914392,62.515463035019415
447,19,119,13101,19,22,0,4,5_2_0,19,68.48012645914392,62.515463035019415
448,20,123,24075,14,23,48150,6,5_2_0,20,68.48012645914392,62.515463035019415
449,21,53,32643,17,26,54405,5,5_2_0,21,68.48012645914392,62.515463035019415
450,22,52,76132,18,27,50755,2,5_2_0,22,68.48012645914392,62.515463035019415
451,0,61,48940,26,6,0,0,5_3_0,0,67.04406851385396,60.68198287153654
452,1,33,75285,27,6,50190,2,5_3_0,1,67.04406851385396,60.68198287153654
453,2,7,11926,24,6,0,4,5_3_0,2,67.04406851385396,60.68198287153654
454,3,46,53625,24,6,0,1,5_3_0,3,67.04406851385396,60.68198287153654
455,4,74,30078,24,10,50130,5,5_3_0,4,67.04406851385396,60.68198287153654
456,5,100,51240,22,9,51240,3,5_3_0,5,67.04406851385396,60.68198287153654
457,6,49,44495,23,11,44495,3,5_3_0,6,67.04406851385396,60.68198287153654
458,7,80,29844,20,14,49740,5,5_3_0,7,67.04406851385396,60.68198287153654
459,8,3,49980,18,13,49980,3,5_3_0,8,67.04406851385396,60.68198287153654
460,9,75,38617,16,11,51490,4,5_3_0,9,67.04406851385396,60.68198287153654
461,10,73,24765,13,14,0,2,5_3_0,10,67.04406851385396,60.68198287153654
462,11,10,13202,10,16,0,4,5_3_0,11,67.04406851385396,60.68198287153654
463,12,64,26537,8,21,53075,6,5_3_0,12,67.04406851385396,60.68198287153654
464,13,59,52110,8,23,52110,3,5_3_0,13,67.04406851385396,60.68198287153654
465,14,106,49575,7,25,49575,3,5_3_0,14,67.04406851385396,60.68198287153654
466,15,43,6697,11,30,0,7,5_3_0,15,67.04406851385396,60.68198287153654
467,16,18,52870,10,32,52870,3,5_3_0,16,67.04406851385396,60.68198287153654
468,17,99,53295,8,32,53295,3,5_3_0,17,67.04406851385396,60.68198287153654
469,18,91,17461,8,30,0,3,5_3_0,18,67.04406851385396,60.68198287153654
470,19,114,18743,10,30,0,3,5_3_0,19,67.04406851385396,60.68198287153654
471,20,60,49890,11,28,49890,3,5_3_0,20,67.04406851385396,60.68198287153654
472,21,105,10589,7,26,0,5,5_3_0,21,67.04406851385396,60.68198287153654
473,22,44,10200,7,30,0,5,5_3_0,22,67.04406851385396,60.68198287153654
474,23,29,8540,6,35,0,6,5_3_0,23,67.04406851385396,60.68198287153654
475,24,65,25270,5,34,0,2,5_3_0,24,67.04406851385396,60.68198287153654
476,0,51,48755,32,12,0,0,5_4_0,0,63.05898171387595,55.70773754033705
477,1,84,54400,32,12,0,1,5_4_0,1,63.05898171387595,55.70773754033705
478,2,14,53000,34,13,53000,3,5_4_0,2,63.05898171387595,55.70773754033705
479,3,96,7550,35,18,0,6,5_4_0,3,63.05898171387595,55.70773754033705
480,4,117,8348,30,17,0,6,5_4_0,4,63.05898171387595,55.70773754033705
481,5,94,34421,28,19,45895,4,5_4_0,5,63.05898171387595,55.70773754033705
482,6,8,17431,26,18,0,3,5_4_0,6,63.05898171387595,55.70773754033705
483,7,12,8762,21,17,0,6,5_4_0,7,63.05898171387595,55.70773754033705
484,8,2,37410,19,19,49880,4,5_4_0,8,63.05898171387595,55.70773754033705
485,9,68,26105,18,19,0,2,5_4_0,9,63.05898171387595,55.70773754033705
486,10,119,39303,19,22,52405,4,5_4_0,10,63.05898171387595,55.70773754033705
487,11,28,48150,16,20,48150,3,5_4_0,11,63.05898171387595,55.70773754033705
488,12,82,17285,14,19,0,3,5_4_0,12,63.05898171387595,55.70773754033705
489,13,81,31497,10,17,52495,5,5_4_0,13,63.05898171387595,55.70773754033705
490,14,71,10506,12,14,0,5,5_4_0,14,63.05898171387595,55.70773754033705
491,15,125,71617,13,14,47745,2,5_4_0,15,63.05898171387595,55.70773754033705
492,16,67,24515,12,13,0,2,5_4_0,16,63.05898171387595,55.70773754033705
493,17,54,51615,11,11,51615,3,5_4_0,17,63.05898171387595,55.70773754033705
494,18,24,12708,14,12,0,4,5_4_0,18,63.05898171387595,55.70773754033705
495,19,38,39607,17,13,52810,4,5_4_0,19,63.05898171387595,55.70773754033705
496,20,3,24990,18,13,0,2,5_4_0,20,63.05898171387595,55.70773754033705
497,21,98,13393,21,13,0,4,5_4_0,21,63.05898171387595,55.70773754033705
498,0,61,48940,26,6,0,0,6_0_0,0,65.65246810870772,61.5642706600111
499,1,46,53625,24,6,53625,3,6_0_0,1,65.65246810870772,61.5642706600111
500,2,7,47705,24,6,0,1,6_0_0,2,65.65246810870772,61.5642706600111
501,3,33,12547,27,6,0,4,6_0_0,3,65.65246810870772,61.5642706600111
502,4,21,21435,33,6,50015,7,6_0_0,4,65.65246810870772,61.5642706600111
503,5,93,8085,31,11,0,6,6_0_0,5,65.65246810870772,61.5642706600111
504,6,127,35471,27,11,47295,4,6_0_0,6,65.65246810870772,61.5642706600111
505,7,27,8519,25,16,0,6,6_0_0,7,65.65246810870772,61.5642706600111
506,8,1,16631,23,16,0,3,6_0_0,8,65.65246810870772,61.5642706600111
507,9,78,74775,20,17,49850,2,6_0_0,9,65.65246810870772,61.5642706600111
508,10,2,16626,19,19,0,3,6_0_0,10,65.65246810870772,61.5642706600111
509,11,82,17285,14,19,0,3,6_0_0,11,65.65246810870772,61.5642706600111
510,12,10,13202,10,16,0,4,6_0_0,12,65.65246810870772,61.5642706600111
511,13,6,49775,7,18,0,1,6_0_0,13,65.65246810870772,61.5642706600111
512,14,64,39806,8,21,53075,4,6_0_0,14,65.65246810870772,61.5642706600111
513,15,59,52110,8,23,52110,3,6_0_0,15,65.65246810870772,61.5642706600111
514,16,105,13236,7,26,0,4,6_0_0,16,65.65246810870772,61.5642706600111
515,17,106,74362,7,25,49575,2,6_0_0,17,65.65246810870772,61.5642706600111
516,18,44,10200,7,30,0,5,6_0_0,18,65.65246810870772,61.5642706600111
517,19,29,8540,6,35,0,6,6_0_0,19,65.65246810870772,61.5642706600111
518,20,18,8811,10,32,0,6,6_0_0,20,65.65246810870772,61.5642706600111
519,0,12,52575,21,17,52575,0,6_1_0,0,57.904261501210655,40.27147699757869
520,1,3,8330,18,13,0,6,6_1_0,1,57.904261501210655,40.27147699757869
521,2,98,13393,21,13,0,4,6_1_0,2,57.904261501210655,40.27147699757869
522,3,38,31686,17,13,52810,5,6_1_0,3,57.904261501210655,40.27147699757869
523,4,24,12708,14,12,0,4,6_1_0,4,57.904261501210655,40.27147699757869
524,5,125,15915,13,14,0,3,6_1_0,5,57.904261501210655,40.27147699757869
525,6,73,49530,13,14,0,1,6_1_0,6,57.904261501210655,40.27147699757869
526,7,15,30678,10,11,51130,5,6_1_0,7,57.904261501210655,40.27147699757869
527,8,67,12257,12,13,0,4,6_1_0,8,57.904261501210655,40.27147699757869
528,9,70,25422,3,28,0,2,6_1_0,9,57.904261501210655,40.27147699757869
529,10,19,47245,1,27,47245,3,6_1_0,10,57.904261501210655,40.27147699757869
530,11,118,140355,1,21,46785,1,6_1_0,11,57.904261501210655,40.27147699757869
531,12,25,24595,4,17,49190,6,6_1_0,12,57.904261501210655,40.27147699757869
532,13,6,37331,7,18,49775,4,6_1_0,13,57.904261501210655,40.27147699757869
533,14,37,53920,7,18,0,1,6_1_0,14,57.904261501210655,40.27147699757869
534,15,30,8585,12,18,0,6,6_1_0,15,57.904261501210655,40.27147699757869
535,16,123,24075,14,23,48150,6,6_1_0,16,57.904261501210655,40.27147699757869
536,17,119,39303,19,22,52405,4,6_1_0,17,57.904261501210655,40.27147699757869
537,0,125,47745,13,14,47745,0,6_2_0,0,56.63587871287128,53.894900990099
538,1,10,10562,10,16,0,5,6_2_0,1,56.63587871287128,53.894900990099
539,2,30,12878,12,18,0,4,6_2_0,2,56.63587871287128,53.894900990099
540,3,81,52495,10,17,52495,3,6_2_0,3,56.63587871287128,53.894900990099
541,4,82,17285,14,19,0,3,6_2_0,4,56.63587871287128,53.894900990099
542,5,95,24922,13,20,0,2,6_2_0,5,56.63587871287128,53.894900990099
543,6,123,12037,14,23,0,4,6_2_0,6,56.63587871287128,53.894900990099
544,7,53,32643,17,26,54405,5,6_2_0,7,56.63587871287128,53.894900990099
545,8,52,76132,18,27,50755,2,6_2_0,8,56.63587871287128,53.894900990099
546,9,32,76312,19,27,50875,2,6_2_0,9,56.63587871287128,53.894900990099
547,10,39,22530,21,28,52570,7,6_2_0,10,56.63587871287128,53.894900990099
548,11,31,10229,25,30,0,5,6_2_0,11,56.63587871287128,53.894900990099
549,12,89,6147,28,24,0,8,6_2_0,12,56.63587871287128,53.894900990099
550,13,122,24045,29,23,0,2,6_2_0,13,56.63587871287128,53.894900990099
551,14,92,38925,31,25,51900,4,6_2_0,14,56.63587871287128,53.894900990099
552,15,126,26465,32,26,0,2,6_2_0,15,56.63587871287128,53.894900990099
553,16,23,6286,31,32,0,7,6_2_0,16,56.63587871287128,53.894900990099
554,17,9,25817,31,33,0,2,6_2_0,17,56.63587871287128,53.894900990099
555,18,120,10342,34,35,0,5,6_2_0,18,56.63587871287128,53.894900990099
556,19,22,27065,35,34,0,2,6_2_0,19,56.63587871287128,53.894900990099
557,20,36,6353,36,27,0,8,6_2_0,20,56.63587871287128,53.894900990099
558,21,124,9831,35,23,0,5,6_2_0,21,56.63587871287128,53.894900990099
559,22,96,7550,35,18,0,6,6_2_0,22,56.63587871287128,53.894900990099
560,0,100,51240,22,9,51240,0,6_3_0,0,51.96336700336702,43.674219977553314
561,1,74,50130,24,10,50130,3,6_3_0,1,51.96336700336702,43.674219977553314
562,2,49,66742,23,11,44495,2,6_3_0,2,51.96336700336702,43.674219977553314
563,3,98,40181,21,13,53575,4,6_3_0,3,51.96336700336702,43.674219977553314
564,4,80,24870,20,14,0,2,6_3_0,4,51.96336700336702,43.674219977553314
565,5,12,13143,21,17,0,4,6_3_0,5,51.96336700336702,43.674219977553314
566,6,78,24925,20,17,0,2,6_3_0,6,51.96336700336702,43.674219977553314
567,7,2,16626,19,19,0,3,6_3_0,7,51.96336700336702,43.674219977553314
568,8,82,31113,14,19,51855,5,6_3_0,8,51.96336700336702,43.674219977553314
569,9,30,51515,12,18,51515,3,6_3_0,9,51.96336700336702,43.674219977553314
570,10,37,8986,7,18,0,6,6_3_0,10,51.96336700336702,43.674219977553314
571,11,6,49775,7,18,0,1,6_3_0,11,51.96336700336702,43.674219977553314
572,12,25,12297,4,17,0,4,6_3_0,12,51.96336700336702,43.674219977553314
573,13,88,8142,3,12,0,6,6_3_0,13,51.96336700336702,43.674219977553314
574,14,85,10091,3,8,0,5,6_3_0,14,51.96336700336702,43.674219977553314
575,15,111,86040,3,9,57360,2,6_3_0,15,51.96336700336702,43.674219977553314
576,16,69,8425,3,4,0,6,6_3_0,16,51.96336700336702,43.674219977553314
577,17,57,30971,6,3,41295,4,6_3_0,17,51.96336700336702,43.674219977553314
578,18,16,31641,9,1,52735,5,6_3_0,18,51.96336700336702,43.674219977553314
579,0,118,46785,1,21,0,0,7_0_0,0,62.269782312925166,51.09303401360544
580,1,19,6749,1,27,0,7,7_0_0,1,62.269782312925166,51.09303401360544
581,2,87,7859,1,21,0,7,7_0_0,2,62.269782312925166,51.09303401360544
582,3,25,8198,4,17,0,6,7_0_0,3,62.269782312925166,51.09303401360544
583,4,6,12443,7,18,0,4,7_0_0,4,62.269782312925166,51.09303401360544
584,5,37,161760,7,18,53920,1,7_0_0,5,62.269782312925166,51.09303401360544
585,6,10,10562,10,16,0,5,7_0_0,6,62.269782312925166,51.09303401360544
586,7,30,12878,12,18,0,4,7_0_0,7,62.269782312925166,51.09303401360544
587,8,82,17285,14,19,0,3,7_0_0,8,62.269782312925166,51.09303401360544
588,9,80,49740,20,14,49740,3,7_0_0,9,62.269782312925166,51.09303401360544
589,10,98,80362,21,13,53575,2,7_0_0,10,62.269782312925166,51.09303401360544
590,11,49,33371,23,11,44495,4,7_0_0,11,62.269782312925166,51.09303401360544
591,12,74,75195,24,10,50130,2,7_0_0,12,62.269782312925166,51.09303401360544
592,13,100,51240,22,9,51240,3,7_0_0,13,62.269782312925166,51.09303401360544
593,14,56,26932,21,4,53865,6,7_0_0,14,62.269782312925166,51.09303401360544
594,15,7,9541,24,6,0,5,7_0_0,15,62.269782312925166,51.09303401360544
595,16,46,160875,24,6,53625,1,7_0_0,16,62.269782312925166,51.09303401360544
596,17,61,48940,26,6,48940,3,7_0_0,17,62.269782312925166,51.09303401360544
597,18,33,25095,27,6,0,2,7_0_0,18,62.269782312925166,51.09303401360544
598,19,21,7145,33,6,0,7,7_0_0,19,62.269782312925166,51.09303401360544
599,20,51,20895,32,12,48755,7,7_0_0,20,62.269782312925166,51.09303401360544
600,21,41,10381,30,16,0,5,7_0_0,21,62.269782312925166,51.09303401360544
601,22,117,25045,30,17,0,2,7_0_0,22,62.269782312925166,51.09303401360544
602,23,66,45155,30,17,0,1,7_0_0,23,62.269782312925166,51.09303401360544
603,24,8,10459,26,18,0,5,7_0_0,24,62.269782312925166,51.09303401360544
604,0,81,52495,10,17,0,0,7_1_0,0,67.06002280501711,61.73812998859751
605,1,30,17171,12,18,0,3,7_1_0,1,67.06002280501711,61.73812998859751
606,2,95,49845,13,20,49845,3,7_1_0,2,67.06002280501711,61.73812998859751
607,3,82,25927,14,19,0,2,7_1_0,3,67.06002280501711,61.73812998859751
608,4,10,8801,10,16,0,6,7_1_0,4,67.06002280501711,61.73812998859751
609,5,71,39397,12,14,52530,4,7_1_0,5,67.06002280501711,61.73812998859751
610,6,67,24515,12,13,0,2,7_1_0,6,67.06002280501711,61.73812998859751
611,7,73,24765,13,14,0,2,7_1_0,7,67.06002280501711,61.73812998859751
612,8,50,73950,14,13,49300,2,7_1_0,8,67.06002280501711,61.73812998859751
613,9,94,45895,28,19,45895,3,7_1_0,9,67.06002280501711,61.73812998859751
614,10,45,36303,31,19,48405,4,7_1_0,10,67.06002280501711,61.73812998859751
615,11,83,74220,31,20,49480,2,7_1_0,11,67.06002280501711,61.73812998859751
616,12,66,11288,30,17,0,4,7_1_0,12,67.06002280501711,61.73812998859751
617,13,41,25952,30,16,0,2,7_1_0,13,67.06002280501711,61.73812998859751
618,14,27,8519,25,16,0,6,7_1_0,14,67.06002280501711,61.73812998859751
619,15,121,13341,27,18,0,4,7_1_0,15,67.06002280501711,61.73812998859751
620,16,102,24062,26,19,0,2,7_1_0,16,67.06002280501711,61.73812998859751
621,17,1,9979,23,16,0,5,7_1_0,17,67.06002280501711,61.73812998859751
622,18,98,10715,21,13,0,5,7_1_0,18,67.06002280501711,61.73812998859751
623,19,38,10562,17,13,0,5,7_1_0,19,67.06002280501711,61.73812998859751
624,20,24,12708,14,12,0,4,7_1_0,20,67.06002280501711,61.73812998859751
625,21,75,17163,16,11,0,3,7_1_0,21,67.06002280501711,61.73812998859751
626,22,115,12282,17,8,0,4,7_1_0,22,67.06002280501711,61.73812998859751
627,0,68,52210,18,19,0,0,8_0_0,0,66.24064356435643,45.32581683168317
628,1,12,10515,21,17,0,5,8_0_0,1,66.24064356435643,45.32581683168317
629,2,3,8330,18,13,0,6,8_0_0,2,66.24064356435643,45.32581683168317
630,3,24,10167,14,12,0,5,8_0_0,3,66.24064356435643,45.32581683168317
631,4,54,12903,11,11,0,4,8_0_0,4,66.24064356435643,45.32581683168317
632,5,15,76695,10,11,51130,2,8_0_0,5,66.24064356435643,45.32581683168317
633,6,101,29325,12,7,48875,5,8_0_0,6,66.24064356435643,45.32581683168317
634,7,79,27960,13,6,0,2,8_0_0,7,66.24064356435643,45.32581683168317
635,8,115,9826,17,8,0,5,8_0_0,8,66.24064356435643,45.32581683168317
636,9,17,34248,19,6,45665,4,8_0_0,9,66.24064356435643,45.32581683168317
637,10,113,21222,23,1,49520,7,8_0_0,10,66.24064356435643,45.32581683168317
638,11,46,26812,24,6,53625,6,8_0_0,11,66.24064356435643,45.32581683168317
639,12,7,143115,24,6,47705,1,8_0_0,12,66.24064356435643,45.32581683168317
640,13,61,73410,26,6,48940,2,8_0_0,13,66.24064356435643,45.32581683168317
641,14,76,22292,30,1,52015,7,8_0_0,14,66.24064356435643,45.32581683168317
642,15,28,48150,16,20,48150,3,8_0_0,15,66.24064356435643,45.32581683168317
643,16,123,9630,14,23,0,5,8_0_0,16,66.24064356435643,45.32581683168317
644,17,95,37383,13,20,49845,4,8_0_0,17,66.24064356435643,45.32581683168317
645,0,48,48750,18,33,0,0,0_0_0,0,31.748604296868237,30.528429271332868
646,1,52,7250,18,27,0,7,0_0_0,1,31.748604296868237,30.528429271332868
647,2,55,25960,20,32,51920,6,0_0_0,2,31.748604296868237,30.528429271332868
648,3,39,10514,21,28,0,5,0_0_0,3,31.748604296868237,30.528429271332868
649,4,34,34305,24,29,45740,4,0_0_0,4,31.748604296868237,30.528429271332868
650,5,31,76717,25,30,51145,2,0_0_0,5,31.748604296868237,30.528429271332868
651,6,89,18442,28,24,49180,8,0_0_0,6,31.748604296868237,30.528429271332868
652,7,83,24740,31,20,49480,6,0_0_0,7,31.748604296868237,30.528429271332868
653,8,45,72607,31,19,48405,2,0_0_0,8,31.748604296868237,30.528429271332868
654,9,117,50090,30,17,50090,3,0_0_0,9,31.748604296868237,30.528429271332868
655,10,66,135465,30,17,45155,1,0_0_0,10,31.748604296868237,30.528429271332868
656,11,94,34421,28,19,45895,4,0_0_0,11,31.748604296868237,30.528429271332868
657,12,102,48125,26,19,48125,3,0_0_0,12,31.748604296868237,30.528429271332868
658,13,121,80047,27,18,53365,2,0_0_0,13,31.748604296868237,30.528429271332868
659,14,8,78442,26,18,52295,2,0_0_0,14,31.748604296868237,30.528429271332868
660,15,27,51115,25,16,51115,3,0_0_0,15,31.748604296868237,30.528429271332868
661,16,41,25952,30,16,51905,6,0_0_0,16,31.748604296868237,30.528429271332868
662,17,93,24257,31,11,48515,6,0_0_0,17,31.748604296868237,30.528429271332868
663,18,84,81600,32,12,54400,2,0_0_0,18,31.748604296868237,30.528429271332868
664,19,51,146265,32,12,48755,1,0_0_0,19,31.748604296868237,30.528429271332868
665,20,21,50015,33,6,50015,3,0_0_0,20,31.748604296868237,30.528429271332868
666,21,76,22292,30,1,52015,7,0_0_0,21,31.748604296868237,30.528429271332868
667,22,33,7170,27,6,0,7,0_0_0,22,31.748604296868237,30.528429271332868
668,23,76,52015,30,1,52015,0,0_0_1,0,31.748604296868237,30.528429271332868
669,24,21,21435,33,6,50015,7,0_0_1,1,31.748604296868237,30.528429271332868
670,25,20,29748,36,3,49580,5,0_0_1,2,31.748604296868237,30.528429271332868
671,26,86,33716,35,6,44955,4,0_0_1,3,31.748604296868237,30.528429271332868
672,27,77,30315,32,9,50525,5,0_0_1,4,31.748604296868237,30.528429271332868
673,28,93,48515,31,11,48515,3,0_0_1,5,31.748604296868237,30.528429271332868
674,29,51,73132,32,12,48755,2,0_0_1,6,31.748604296868237,30.528429271332868
675,30,84,163200,32,12,54400,1,0_0_1,7,31.748604296868237,30.528429271332868
676,31,14,53000,34,13,53000,3,0_0_1,8,31.748604296868237,30.528429271332868
677,32,96,22652,35,18,45305,6,0_0_1,9,31.748604296868237,30.528429271332868
678,33,66,135465,30,17,45155,1,0_0_1,10,31.748604296868237,30.528429271332868
679,34,83,74220,31,20,49480,2,0_0_1,11,31.748604296868237,30.528429271332868
680,35,89,24590,28,24,49180,6,0_0_1,12,31.748604296868237,30.528429271332868
681,36,26,45940,27,26,45940,3,0_0_1,13,31.748604296868237,30.528429271332868
682,37,40,38583,24,26,51445,4,0_0_1,14,31.748604296868237,30.528429271332868
683,38,31,30687,25,30,51145,5,0_0_1,15,31.748604296868237,30.528429271332868
684,39,9,19363,31,33,51635,8,0_0_1,16,31.748604296868237,30.528429271332868
685,40,23,66007,31,32,44005,2,0_0_1,17,31.748604296868237,30.528429271332868
686,41,58,21567,26,35,50325,7,0_0_1,18,31.748604296868237,30.528429271332868
687,42,42,25687,28,30,51375,6,0_0_1,19,31.748604296868237,30.528429271332868
688,43,22,18043,35,34,54130,9,0_0_1,20,31.748604296868237,30.528429271332868
689,44,120,77565,34,35,51710,2,0_0_1,21,31.748604296868237,30.528429271332868
690,45,76,52015,30,1,52015,0,0_0_2,0,31.748604296868237,30.528429271332868
691,46,21,21435,33,6,50015,7,0_0_2,1,31.748604296868237,30.528429271332868
692,47,20,29748,36,3,49580,5,0_0_2,2,31.748604296868237,30.528429271332868
693,48,86,33716,35,6,44955,4,0_0_2,3,31.748604296868237,30.528429271332868
694,49,77,30315,32,9,50525,5,0_0_2,4,31.748604296868237,30.528429271332868
695,50,93,20792,31,11,48515,7,0_0_2,5,31.748604296868237,30.528429271332868
696,51,41,25952,30,16,51905,6,0_0_2,6,31.748604296868237,30.528429271332868
697,52,8,31377,26,18,52295,5,0_0_2,7,31.748604296868237,30.528429271332868
698,53,102,72187,26,19,48125,2,0_0_2,8,31.748604296868237,30.528429271332868
699,54,89,24590,28,24,49180,6,0_0_2,9,31.748604296868237,30.528429271332868
700,55,122,72135,29,23,48090,2,0_0_2,10,31.748604296868237,30.528429271332868
701,56,92,38925,31,25,51900,4,0_0_2,11,31.748604296868237,30.528429271332868
702,57,36,25412,36,27,50825,6,0_0_2,12,31.748604296868237,30.528429271332868
703,58,9,17211,31,33,51635,9,0_0_2,13,31.748604296868237,30.528429271332868
704,59,58,25162,26,35,50325,6,0_0_2,14,31.748604296868237,30.528429271332868
705,60,23,18859,31,32,44005,7,0_0_2,15,31.748604296868237,30.528429271332868
706,61,126,22684,32,26,52930,7,0_0_2,16,31.748604296868237,30.528429271332868
707,62,124,29493,35,23,49155,5,0_0_2,17,31.748604296868237,30.528429271332868
708,63,96,22652,35,18,45305,6,0_0_2,18,31.748604296868237,30.528429271332868
709,64,117,25045,30,17,50090,6,0_0_2,19,31.748604296868237,30.528429271332868
710,65,94,34421,28,19,45895,4,0_0_2,20,31.748604296868237,30.528429271332868
711,66,27,30669,25,16,51115,5,0_0_2,21,31.748604296868237,30.528429271332868
712,0,59,52110,8,23,0,0,0_1_0,0,21.8529120101508,20.302410326484797
713,1,64,17691,8,21,0,3,0_1_0,1,21.8529120101508,20.302410326484797
714,2,10,26405,10,16,52810,6,0_1_0,2,21.8529120101508,20.302410326484797
715,3,71,39397,12,14,52530,4,0_1_0,3,21.8529120101508,20.302410326484797
716,4,125,71617,13,14,47745,2,0_1_0,4,21.8529120101508,20.302410326484797
717,5,73,148590,13,14,49530,1,0_1_0,5,21.8529120101508,20.302410326484797
718,6,50,73950,14,13,49300,2,0_1_0,6,21.8529120101508,20.302410326484797
719,7,24,76252,14,12,50835,2,0_1_0,7,21.8529120101508,20.302410326484797
720,8,38,79215,17,13,52810,2,0_1_0,8,21.8529120101508,20.302410326484797
721,9,75,51490,16,11,51490,3,0_1_0,9,21.8529120101508,20.302410326484797
722,10,115,36847,17,8,49130,4,0_1_0,10,21.8529120101508,20.302410326484797
723,11,79,83880,13,6,55920,2,0_1_0,11,21.8529120101508,20.302410326484797
724,12,72,73612,12,6,49075,2,0_1_0,12,21.8529120101508,20.302410326484797
725,13,97,143610,12,6,47870,1,0_1_0,13,21.8529120101508,20.302410326484797
726,14,4,36933,9,5,49245,4,0_1_0,14,21.8529120101508,20.302410326484797
727,15,13,79170,8,5,52780,2,0_1_0,15,21.8529120101508,20.302410326484797
728,16,16,31641,9,1,52735,5,0_1_0,16,21.8529120101508,20.302410326484797
729,17,108,77670,10,1,51780,2,0_1_0,17,21.8529120101508,20.302410326484797
730,18,57,24777,6,3,41295,5,0_1_0,18,21.8529120101508,20.302410326484797
731,19,85,21623,3,8,50455,7,0_1_0,19,21.8529120101508,20.302410326484797
732,20,111,86040,3,9,57360,2,0_1_0,20,21.8529120101508,20.302410326484797
733,21,88,36641,3,12,48855,4,0_1_0,21,21.8529120101508,20.302410326484797
734,22,107,38996,6,12,51995,4,0_1_0,22,21.8529120101508,20.302410326484797
735,23,109,73680,7,12,49120,2,0_1_0,23,21.8529120101508,20.302410326484797
736,24,3,29988,18,13,49980,5,0_1_1,0,21.8529120101508,20.302410326484797
737,25,38,79215,17,13,52810,2,0_1_1,1,21.8529120101508,20.302410326484797
738,26,24,38126,14,12,50835,4,0_1_1,2,21.8529120101508,20.302410326484797
739,27,50,73950,14,13,49300,2,0_1_1,3,21.8529120101508,20.302410326484797
740,28,73,74295,13,14,49530,2,0_1_1,4,21.8529120101508,20.302410326484797
741,29,67,73545,12,13,49030,2,0_1_1,5,21.8529120101508,20.302410326484797
742,30,54,51615,11,11,51615,3,0_1_1,6,21.8529120101508,20.302410326484797
743,31,15,76695,10,11,51130,2,0_1_1,7,21.8529120101508,20.302410326484797
744,32,62,39555,7,12,52740,4,0_1_1,8,21.8529120101508,20.302410326484797
745,33,109,147360,7,12,49120,1,0_1_1,9,21.8529120101508,20.302410326484797
746,34,116,51200,7,10,51200,3,0_1_1,10,21.8529120101508,20.302410326484797
747,35,107,51995,6,12,51995,3,0_1_1,11,21.8529120101508,20.302410326484797
748,36,103,31617,3,14,52695,5,0_1_1,12,21.8529120101508,20.302410326484797
749,37,88,48855,3,12,48855,3,0_1_1,13,21.8529120101508,20.302410326484797
750,38,111,43020,3,9,57360,4,0_1_1,14,21.8529120101508,20.302410326484797
751,39,85,75682,3,8,50455,2,0_1_1,15,21.8529120101508,20.302410326484797
752,40,69,30333,3,4,50555,5,0_1_1,16,21.8529120101508,20.302410326484797
753,41,35,35970,3,1,47960,4,0_1_1,17,21.8529120101508,20.302410326484797
754,42,57,24777,6,3,41295,5,0_1_1,18,21.8529120101508,20.302410326484797
755,43,108,31068,10,1,51780,5,0_1_1,19,21.8529120101508,20.302410326484797
756,44,16,79102,9,1,52735,2,0_1_1,20,21.8529120101508,20.302410326484797
757,45,13,31668,8,5,52780,5,0_1_1,21,21.8529120101508,20.302410326484797
758,46,75,51490,16,11,51490,0,0_1_2,0,21.8529120101508,20.302410326484797
759,47,50,36975,14,13,49300,4,0_1_2,1,21.8529120101508,20.302410326484797
760,48,3,29988,18,13,49980,5,0_1_2,2,21.8529120101508,20.302410326484797
761,49,38,79215,17,13,52810,2,0_1_2,3,21.8529120101508,20.302410326484797
762,50,24,38126,14,12,50835,4,0_1_2,4,21.8529120101508,20.302410326484797
763,51,115,24565,17,8,49130,6,0_1_2,5,21.8529120101508,20.302410326484797
764,52,79,55920,13,6,55920,0,0_1_2,6,21.8529120101508,20.302410326484797
765,53,97,71805,12,6,47870,2,0_1_2,7,21.8529120101508,20.302410326484797
766,54,101,73312,12,7,48875,2,0_1_2,8,21.8529120101508,20.302410326484797
767,55,72,73612,12,6,49075,2,0_1_2,9,21.8529120101508,20.302410326484797
768,56,4,36933,9,5,49245,4,0_1_2,10,21.8529120101508,20.302410326484797
769,57,13,79170,8,5,52780,2,0_1_2,11,21.8529120101508,20.302410326484797
770,58,16,31641,9,1,52735,5,0_1_2,12,21.8529120101508,20.302410326484797
771,59,108,77670,10,1,51780,2,0_1_2,13,21.8529120101508,20.302410326484797
772,60,57,24777,6,3,41295,5,0_1_2,14,21.8529120101508,20.302410326484797
773,61,69,37916,3,4,50555,4,0_1_2,15,21.8529120101508,20.302410326484797
774,62,85,30273,3,8,50455,5,0_1_2,16,21.8529120101508,20.302410326484797
775,63,111,86040,3,9,57360,2,0_1_2,17,21.8529120101508,20.302410326484797
776,64,88,36641,3,12,48855,4,0_1_2,18,21.8529120101508,20.302410326484797
777,65,107,38996,6,12,51995,4,0_1_2,19,21.8529120101508,20.302410326484797
778,66,109,147360,7,12,49120,1,0_1_2,20,21.8529120101508,20.302410326484797
779,67,15,38347,10,11,51130,4,0_1_2,21,21.8529120101508,20.302410326484797
780,68,54,77422,11,11,51615,2,0_1_2,22,21.8529120101508,20.302410326484797
781,69,67,49030,12,13,49030,3,0_1_2,23,21.8529120101508,20.302410326484797
782,70,71,78795,12,14,52530,2,0_1_2,24,21.8529120101508,20.302410326484797
783,0,110,51690,2,27,51690,0,0_2_0,0,23.33915898314014,23.33915898314014
784,1,44,21857,7,30,51000,7,0_2_0,1,23.33915898314014,23.33915898314014
785,2,43,28128,11,30,46880,5,0_2_0,2,23.33915898314014,23.33915898314014
786,3,106,21246,7,25,49575,7,0_2_0,3,23.33915898314014,23.33915898314014
787,4,105,79417,7,26,52945,2,0_2_0,4,23.33915898314014,23.33915898314014
788,5,60,29934,11,28,49890,5,0_2_0,5,23.33915898314014,23.33915898314014
789,6,90,35842,14,29,47790,4,0_2_0,6,23.33915898314014,23.33915898314014
790,7,114,33738,10,30,56230,5,0_2_0,7,23.33915898314014,23.33915898314014
791,8,99,39971,8,32,53295,4,0_2_0,8,23.33915898314014,23.33915898314014
792,9,18,52870,10,32,52870,3,0_2_0,9,23.33915898314014,23.33915898314014
793,10,91,39288,8,30,52385,4,0_2_0,10,23.33915898314014,23.33915898314014
794,11,104,30480,4,31,50800,5,0_2_0,11,23.33915898314014,23.33915898314014
795,12,65,37905,5,34,50540,4,0_2_0,12,23.33915898314014,23.33915898314014
796,13,29,76860,6,35,51240,2,0_2_0,13,23.33915898314014,23.33915898314014
797,14,112,23430,1,35,46860,6,0_2_0,14,23.33915898314014,23.33915898314014
798,15,5,20805,3,29,48545,7,0_2_0,15,23.33915898314014,23.33915898314014
799,16,70,76267,3,28,50845,2,0_2_0,16,23.33915898314014,23.33915898314014
800,17,19,47245,1,27,47245,3,0_2_0,17,23.33915898314014,23.33915898314014
801,18,87,23577,1,21,55015,7,0_2_0,18,23.33915898314014,23.33915898314014
802,19,11,39056,1,24,52075,4,0_2_0,19,23.33915898314014,23.33915898314014
803,20,118,35088,1,21,46785,4,0_2_0,20,23.33915898314014,23.33915898314014
804,21,25,24595,4,17,49190,6,0_2_0,21,23.33915898314014,23.33915898314014
805,22,37,40440,7,18,53920,4,0_2_0,22,23.33915898314014,23.33915898314014
806,23,64,39806,8,21,53075,4,0_2_0,23,23.33915898314014,23.33915898314014
807,24,6,37331,7,18,49775,4,0_2_0,24,23.33915898314014,23.33915898314014
808,25,123,48150,14,23,0,0,0_2_1,0,23.33915898314014,23.33915898314014
809,26,30,8585,12,18,0,6,0_2_1,1,23.33915898314014,23.33915898314014
810,27,82,17285,14,19,0,3,0_2_1,2,23.33915898314014,23.33915898314014
811,28,81,31497,10,17,52495,5,0_2_1,3,23.33915898314014,23.33915898314014
812,29,37,40440,7,18,53920,4,0_2_1,4,23.33915898314014,23.33915898314014
813,30,6,149325,7,18,49775,1,0_2_1,5,23.33915898314014,23.33915898314014
814,31,59,26055,8,23,52110,6,0_2_1,6,23.33915898314014,23.33915898314014
815,32,106,49575,7,25,49575,3,0_2_1,7,23.33915898314014,23.33915898314014
816,33,43,20091,11,30,46880,7,0_2_1,8,23.33915898314014,23.33915898314014
817,34,18,52870,10,32,52870,3,0_2_1,9,23.33915898314014,23.33915898314014
818,35,29,25620,6,35,51240,6,0_2_1,10,23.33915898314014,23.33915898314014
819,36,104,30480,4,31,50800,5,0_2_1,11,23.33915898314014,23.33915898314014
820,37,91,31431,8,30,52385,5,0_2_1,12,23.33915898314014,23.33915898314014
821,38,44,76500,7,30,51000,2,0_2_1,13,23.33915898314014,23.33915898314014
822,39,99,53295,8,32,53295,3,0_2_1,14,23.33915898314014,23.33915898314014
823,40,114,42172,10,30,56230,4,0_2_1,15,23.33915898314014,23.33915898314014
824,41,60,49890,11,28,49890,3,0_2_1,16,23.33915898314014,23.33915898314014
825,42,105,31767,7,26,52945,5,0_2_1,17,23.33915898314014,23.33915898314014
826,43,19,20247,1,27,47245,7,0_2_1,18,23.33915898314014,23.33915898314014
827,44,110,77535,2,27,51690,2,0_2_1,19,23.33915898314014,23.33915898314014
828,45,70,76267,3,28,50845,2,0_2_1,20,23.33915898314014,23.33915898314014
829,46,5,72817,3,29,48545,2,0_2_1,21,23.33915898314014,23.33915898314014
830,47,65,25270,5,34,50540,6,0_2_1,22,23.33915898314014,23.33915898314014
831,48,112,28116,1,35,46860,5,0_2_1,23,23.33915898314014,23.33915898314014
832,0,53,54405,17,26,54405,0,1_0_0,0,50.948049755851166,50.04581495201213
833,1,39,31542,21,28,52570,5,1_0_0,1,50.948049755851166,50.04581495201213
834,2,26,19688,27,26,45940,7,1_0_0,2,50.948049755851166,50.04581495201213
835,3,122,28854,29,23,48090,5,1_0_0,3,50.948049755851166,50.04581495201213
836,4,89,73770,28,24,49180,2,1_0_0,4,50.948049755851166,50.04581495201213
837,5,126,31758,32,26,52930,5,1_0_0,5,50.948049755851166,50.04581495201213
838,6,23,18859,31,32,44005,7,1_0_0,6,50.948049755851166,50.04581495201213
839,7,9,77452,31,33,51635,2,1_0_0,7,50.948049755851166,50.04581495201213
840,8,31,19179,25,30,51145,8,1_0_0,8,50.948049755851166,50.04581495201213
841,9,34,68610,24,29,45740,2,1_0_0,9,50.948049755851166,50.04581495201213
842,10,40,38583,24,26,51445,4,1_0_0,10,50.948049755851166,50.04581495201213
843,11,32,25437,19,27,50875,6,1_0_0,11,50.948049755851166,50.04581495201213
844,12,90,23895,14,29,47790,6,1_0_0,12,50.948049755851166,50.04581495201213
845,13,60,37417,11,28,49890,4,1_0_0,13,50.948049755851166,50.04581495201213
846,14,114,56230,10,30,56230,3,1_0_0,14,50.948049755851166,50.04581495201213
847,15,43,35160,11,30,46880,4,1_0_0,15,50.948049755851166,50.04581495201213
848,16,105,22690,7,26,52945,7,1_0_0,16,50.948049755851166,50.04581495201213
849,17,19,6749,1,27,0,7,1_0_0,17,50.948049755851166,50.04581495201213
850,18,110,77535,2,27,51690,2,1_0_0,18,50.948049755851166,50.04581495201213
851,19,11,39056,1,24,52075,4,1_0_0,19,50.948049755851166,50.04581495201213
852,20,118,11696,1,21,0,4,1_0_0,20,50.948049755851166,50.04581495201213
853,21,87,55015,1,21,0,1,1_0_0,21,50.948049755851166,50.04581495201213
854,22,1,49895,23,16,0,0,1_0_1,0,50.948049755851166,50.04581495201213
855,23,102,9625,26,19,0,5,1_0_1,1,50.948049755851166,50.04581495201213
856,24,117,10018,30,17,0,5,1_0_1,2,50.948049755851166,50.04581495201213
857,25,94,11473,28,19,0,4,1_0_1,3,50.948049755851166,50.04581495201213
858,26,89,24590,28,24,49180,6,1_0_1,4,50.948049755851166,50.04581495201213
859,27,122,72135,29,23,48090,2,1_0_1,5,50.948049755851166,50.04581495201213
860,28,26,27564,27,26,45940,5,1_0_1,6,50.948049755851166,50.04581495201213
861,29,39,22530,21,28,52570,7,1_0_1,7,50.948049755851166,50.04581495201213
862,30,48,20892,18,33,48750,7,1_0_1,8,50.948049755851166,50.04581495201213
863,31,32,21803,19,27,50875,7,1_0_1,9,50.948049755851166,50.04581495201213
864,32,40,25722,24,26,51445,6,1_0_1,10,50.948049755851166,50.04581495201213
865,33,47,28158,22,22,46930,5,1_0_1,11,50.948049755851166,50.04581495201213
866,34,119,39303,19,22,52405,4,1_0_1,12,50.948049755851166,50.04581495201213
867,35,53,32643,17,26,54405,5,1_0_1,13,50.948049755851166,50.04581495201213
868,36,52,76132,18,27,50755,2,1_0_1,14,50.948049755851166,50.04581495201213
869,37,90,23895,14,29,47790,6,1_0_1,15,50.948049755851166,50.04581495201213
870,38,60,49890,11,28,49890,3,1_0_1,16,50.948049755851166,50.04581495201213
871,39,34,22870,24,29,45740,6,1_0_1,17,50.948049755851166,50.04581495201213
872,40,31,76717,25,30,51145,2,1_0_1,18,50.948049755851166,50.04581495201213
873,41,23,18859,31,32,44005,7,1_0_1,19,50.948049755851166,50.04581495201213
874,42,9,77452,31,33,51635,2,1_0_1,20,50.948049755851166,50.04581495201213
875,43,58,25162,26,35,50325,6,1_0_1,21,50.948049755851166,50.04581495201213
876,44,22,16239,35,34,54130,10,1_0_1,22,50.948049755851166,50.04581495201213
877,45,120,77565,34,35,51710,2,1_0_1,23,50.948049755851166,50.04581495201213
878,46,99,53295,8,32,0,0,1_0_2,0,50.948049755851166,50.04581495201213
879,47,43,28128,11,30,46880,5,1_0_2,1,50.948049755851166,50.04581495201213
880,48,60,49890,11,28,49890,3,1_0_2,2,50.948049755851166,50.04581495201213
881,49,114,56230,10,30,56230,3,1_0_2,3,50.948049755851166,50.04581495201213
882,50,91,52385,8,30,52385,3,1_0_2,4,50.948049755851166,50.04581495201213
883,51,44,76500,7,30,51000,2,1_0_2,5,50.948049755851166,50.04581495201213
884,52,110,22152,2,27,51690,7,1_0_2,6,50.948049755851166,50.04581495201213
885,53,5,16181,3,29,0,3,1_0_2,7,50.948049755851166,50.04581495201213
886,54,112,20082,1,35,46860,7,1_0_2,8,50.948049755851166,50.04581495201213
887,55,65,30324,5,34,50540,5,1_0_2,9,50.948049755851166,50.04581495201213
888,56,29,76860,6,35,51240,2,1_0_2,10,50.948049755851166,50.04581495201213
889,57,18,26435,10,32,52870,6,1_0_2,11,50.948049755851166,50.04581495201213
890,58,90,23895,14,29,47790,6,1_0_2,12,50.948049755851166,50.04581495201213
891,59,32,25437,19,27,50875,6,1_0_2,13,50.948049755851166,50.04581495201213
892,60,52,76132,18,27,50755,2,1_0_2,14,50.948049755851166,50.04581495201213
893,61,39,39427,21,28,52570,4,1_0_2,15,50.948049755851166,50.04581495201213
894,62,34,34305,24,29,45740,4,1_0_2,16,50.948049755851166,50.04581495201213
895,63,42,30825,28,30,51375,5,1_0_2,17,50.948049755851166,50.04581495201213
896,64,31,76717,25,30,51145,2,1_0_2,18,50.948049755851166,50.04581495201213
897,65,23,18859,31,32,44005,7,1_0_2,19,50.948049755851166,50.04581495201213
898,66,9,77452,31,33,51635,2,1_0_2,20,50.948049755851166,50.04581495201213
899,67,58,25162,26,35,50325,6,1_0_2,21,50.948049755851166,50.04581495201213
900,68,22,16239,35,34,54130,10,1_0_2,22,50.948049755851166,50.04581495201213
901,69,120,77565,34,35,51710,2,1_0_2,23,50.948049755851166,50.04581495201213
902,0,82,51855,14,19,0,0,1_1_0,0,35.536758483033914,30.755495675316023
903,1,81,31497,10,17,52495,5,1_1_0,1,35.536758483033914,30.755495675316023
904,2,30,17171,12,18,0,3,1_1_0,2,35.536758483033914,30.755495675316023
905,3,123,24075,14,23,48150,6,1_1_0,3,35.536758483033914,30.755495675316023
906,4,119,8734,19,22,0,6,1_1_0,4,35.536758483033914,30.755495675316023
907,5,68,39157,18,19,52210,4,1_1_0,5,35.536758483033914,30.755495675316023
908,6,78,37387,20,17,49850,4,1_1_0,6,35.536758483033914,30.755495675316023
909,7,12,78862,21,17,52575,2,1_1_0,7,35.536758483033914,30.755495675316023
910,8,8,78442,26,18,52295,2,1_1_0,8,35.536758483033914,30.755495675316023
911,9,102,72187,26,19,48125,2,1_1_0,9,35.536758483033914,30.755495675316023
912,10,117,30054,30,17,50090,5,1_1_0,10,35.536758483033914,30.755495675316023
913,11,51,24377,32,12,48755,6,1_1_0,11,35.536758483033914,30.755495675316023
914,12,84,54400,32,12,0,1,1_1_0,12,35.536758483033914,30.755495675316023
915,13,93,72772,31,11,48515,2,1_1_0,13,35.536758483033914,30.755495675316023
916,14,41,25952,30,16,51905,6,1_1_0,14,35.536758483033914,30.755495675316023
917,15,27,25557,25,16,51115,6,1_1_0,15,35.536758483033914,30.755495675316023
918,16,89,49180,28,24,0,0,1_1_1,0,35.536758483033914,30.755495675316023
919,17,26,15313,27,26,0,3,1_1_1,1,35.536758483033914,30.755495675316023
920,18,92,10380,31,25,0,5,1_1_1,2,35.536758483033914,30.755495675316023
921,19,83,8246,31,20,0,6,1_1_1,3,35.536758483033914,30.755495675316023
922,20,41,31143,30,16,51905,5,1_1_1,4,35.536758483033914,30.755495675316023
923,21,117,75135,30,17,50090,2,1_1_1,5,35.536758483033914,30.755495675316023
924,22,66,135465,30,17,45155,1,1_1_1,6,35.536758483033914,30.755495675316023
925,23,121,80047,27,18,53365,2,1_1_1,7,35.536758483033914,30.755495675316023
926,24,8,78442,26,18,52295,2,1_1_1,8,35.536758483033914,30.755495675316023
927,25,27,51115,25,16,51115,3,1_1_1,9,35.536758483033914,30.755495675316023
928,26,1,49895,23,16,49895,3,1_1_1,10,35.536758483033914,30.755495675316023
929,27,98,80362,21,13,53575,2,1_1_1,11,35.536758483033914,30.755495675316023
930,28,3,37485,18,13,49980,4,1_1_1,12,35.536758483033914,30.755495675316023
931,29,38,79215,17,13,52810,2,1_1_1,13,35.536758483033914,30.755495675316023
932,30,24,12708,14,12,0,4,1_1_1,14,35.536758483033914,30.755495675316023
933,31,50,73950,14,13,49300,2,1_1_1,15,35.536758483033914,30.755495675316023
934,32,125,71617,13,14,47745,2,1_1_1,16,35.536758483033914,30.755495675316023
935,33,71,78795,12,14,52530,2,1_1_1,17,35.536758483033914,30.755495675316023
936,34,81,31497,10,17,52495,5,1_1_1,18,35.536758483033914,30.755495675316023
937,35,82,51855,14,19,0,0,1_1_2,0,35.536758483033914,30.755495675316023
938,36,81,31497,10,17,52495,5,1_1_2,1,35.536758483033914,30.755495675316023
939,37,30,17171,12,18,0,3,1_1_2,2,35.536758483033914,30.755495675316023
940,38,97,47870,12,6,0,1,1_1_2,3,35.536758483033914,30.755495675316023
941,39,4,36933,9,5,49245,4,1_1_2,4,35.536758483033914,30.755495675316023
942,40,13,79170,8,5,52780,2,1_1_2,5,35.536758483033914,30.755495675316023
943,41,101,9775,12,7,0,5,1_1_2,6,35.536758483033914,30.755495675316023
944,42,15,10226,10,11,0,5,1_1_2,7,35.536758483033914,30.755495675316023
945,43,54,77422,11,11,51615,2,1_1_2,8,35.536758483033914,30.755495675316023
946,44,24,16945,14,12,0,3,1_1_2,9,35.536758483033914,30.755495675316023
947,45,115,8188,17,8,0,6,1_1_2,10,35.536758483033914,30.755495675316023
948,46,3,24990,18,13,49980,6,1_1_2,11,35.536758483033914,30.755495675316023
949,47,38,79215,17,13,52810,2,1_1_2,12,35.536758483033914,30.755495675316023
950,48,80,37305,20,14,49740,4,1_1_2,13,35.536758483033914,30.755495675316023
951,49,12,39431,21,17,52575,4,1_1_2,14,35.536758483033914,30.755495675316023
952,50,27,30669,25,16,51115,5,1_1_2,15,35.536758483033914,30.755495675316023
953,51,127,7882,27,11,0,6,1_1_2,16,35.536758483033914,30.755495675316023
954,52,74,37597,24,10,50130,4,1_1_2,17,35.536758483033914,30.755495675316023
955,53,100,51240,22,9,51240,3,1_1_2,18,35.536758483033914,30.755495675316023
956,54,49,44495,23,11,44495,3,1_1_2,19,35.536758483033914,30.755495675316023
957,55,98,40181,21,13,53575,4,1_1_2,20,35.536758483033914,30.755495675316023
958,56,1,49895,23,16,49895,3,1_1_2,21,35.536758483033914,30.755495675316023
959,57,78,37387,20,17,49850,4,1_1_2,22,35.536758483033914,30.755495675316023
960,58,68,39157,18,19,52210,4,1_1_2,23,35.536758483033914,30.755495675316023
961,0,57,41295,6,3,41295,0,1_2_0,0,41.98157657011755,40.97617077717233
962,1,16,31641,9,1,52735,5,1_2_0,1,41.98157657011755,40.97617077717233
963,2,108,25890,10,1,0,2,1_2_0,2,41.98157657011755,40.97617077717233
964,3,4,9849,9,5,0,5,1_2_0,3,41.98157657011755,40.97617077717233
965,4,116,25600,7,10,51200,6,1_2_0,4,41.98157657011755,40.97617077717233
966,5,62,17580,7,12,0,3,1_2_0,5,41.98157657011755,40.97617077717233
967,6,109,49120,7,12,0,1,1_2_0,6,41.98157657011755,40.97617077717233
968,7,15,12782,10,11,0,4,1_2_0,7,41.98157657011755,40.97617077717233
969,8,101,9775,12,7,0,5,1_2_0,8,41.98157657011755,40.97617077717233
970,9,72,73612,12,6,49075,2,1_2_0,9,41.98157657011755,40.97617077717233
971,10,97,143610,12,6,47870,1,1_2_0,10,41.98157657011755,40.97617077717233
972,11,79,83880,13,6,55920,2,1_2_0,11,41.98157657011755,40.97617077717233
973,12,115,29478,17,8,49130,5,1_2_0,12,41.98157657011755,40.97617077717233
974,13,17,34248,19,6,45665,4,1_2_0,13,41.98157657011755,40.97617077717233
975,14,63,20783,16,1,48495,7,1_2_0,14,41.98157657011755,40.97617077717233
976,15,113,18570,23,1,49520,8,1_2_0,15,41.98157657011755,40.97617077717233
977,16,33,21510,27,6,50190,7,1_2_0,16,41.98157657011755,40.97617077717233
978,17,20,14874,36,3,49580,10,1_2_0,17,41.98157657011755,40.97617077717233
979,18,77,18946,32,9,50525,8,1_2_0,18,41.98157657011755,40.97617077717233
980,19,86,26973,35,6,44955,5,1_2_0,19,41.98157657011755,40.97617077717233
981,20,21,50015,33,6,50015,3,1_2_0,20,41.98157657011755,40.97617077717233
982,21,76,22292,30,1,52015,7,1_2_0,21,41.98157657011755,40.97617077717233
983,22,61,20974,26,6,48940,7,1_2_0,22,41.98157657011755,40.97617077717233
984,23,46,53625,24,6,53625,3,1_2_0,23,41.98157657011755,40.97617077717233
985,24,56,32319,21,4,53865,5,1_2_0,24,41.98157657011755,40.97617077717233
986,25,57,41295,6,3,41295,0,1_2_1,0,41.98157657011755,40.97617077717233
987,26,16,31641,9,1,52735,5,1_2_1,1,41.98157657011755,40.97617077717233
988,27,108,25890,10,1,0,2,1_2_1,2,41.98157657011755,40.97617077717233
989,28,4,49245,9,5,0,0,1_2_1,3,41.98157657011755,40.97617077717233
990,29,97,35902,12,6,47870,4,1_2_1,4,41.98157657011755,40.97617077717233
991,30,72,147225,12,6,49075,1,1_2_1,5,41.98157657011755,40.97617077717233
992,31,79,83880,13,6,55920,2,1_2_1,6,41.98157657011755,40.97617077717233
993,32,7,143115,24,6,47705,1,1_2_1,7,41.98157657011755,40.97617077717233
994,33,61,48940,26,6,48940,3,1_2_1,8,41.98157657011755,40.97617077717233
995,34,33,75285,27,6,50190,2,1_2_1,9,41.98157657011755,40.97617077717233
996,35,21,21435,33,6,50015,7,1_2_1,10,41.98157657011755,40.97617077717233
997,36,86,44955,35,6,44955,3,1_2_1,11,41.98157657011755,40.97617077717233
998,37,77,30315,32,9,50525,5,1_2_1,12,41.98157657011755,40.97617077717233
999,38,84,40800,32,12,54400,4,1_2_1,13,41.98157657011755,40.97617077717233
1000,39,51,48755,32,12,0,1,1_2_1,14,41.98157657011755,40.97617077717233
1001,40,14,53000,34,13,53000,3,1_2_1,15,41.98157657011755,40.97617077717233
1002,41,96,7550,35,18,0,6,1_2_1,16,41.98157657011755,40.97617077717233
1003,42,124,8192,35,23,0,6,1_2_1,17,41.98157657011755,40.97617077717233
1004,43,92,31140,31,25,51900,5,1_2_1,18,41.98157657011755,40.97617077717233
1005,44,89,12295,28,24,0,4,1_2_1,19,41.98157657011755,40.97617077717233
1006,45,94,22947,28,19,45895,6,1_2_1,20,41.98157657011755,40.97617077717233
1007,46,66,11288,30,17,0,4,1_2_1,21,41.98157657011755,40.97617077717233
1008,47,41,25952,30,16,0,2,1_2_1,22,41.98157657011755,40.97617077717233
1009,48,117,25045,30,17,0,2,1_2_1,23,41.98157657011755,40.97617077717233
1010,49,45,16135,31,19,0,3,1_2_1,24,41.98157657011755,40.97617077717233
1011,50,66,45155,30,17,0,0,1_2_2,0,41.98157657011755,40.97617077717233
1012,51,41,25952,30,16,0,2,1_2_2,1,41.98157657011755,40.97617077717233
1013,52,83,9896,31,20,0,5,1_2_2,2,41.98157657011755,40.97617077717233
1014,53,94,34421,28,19,45895,4,1_2_2,3,41.98157657011755,40.97617077717233
1015,54,8,17431,26,18,0,3,1_2_2,4,41.98157657011755,40.97617077717233
1016,55,27,17038,25,16,0,3,1_2_2,5,41.98157657011755,40.97617077717233
1017,56,127,35471,27,11,47295,4,1_2_2,6,41.98157657011755,40.97617077717233
1018,57,33,21510,27,6,50190,7,1_2_2,7,41.98157657011755,40.97617077717233
1019,58,61,73410,26,6,48940,2,1_2_2,8,41.98157657011755,40.97617077717233
1020,59,46,53625,24,6,53625,3,1_2_2,9,41.98157657011755,40.97617077717233
1021,60,7,143115,24,6,47705,1,1_2_2,10,41.98157657011755,40.97617077717233
1022,61,56,32319,21,4,53865,5,1_2_2,11,41.98157657011755,40.97617077717233
1023,62,17,34248,19,6,45665,4,1_2_2,12,41.98157657011755,40.97617077717233
1024,63,115,36847,17,8,49130,4,1_2_2,13,41.98157657011755,40.97617077717233
1025,64,75,38617,16,11,51490,4,1_2_2,14,41.98157657011755,40.97617077717233
1026,65,117,25045,30,17,0,2,1_2_2,15,41.98157657011755,40.97617077717233
1027,66,45,16135,31,19,0,3,1_2_2,16,41.98157657011755,40.97617077717233
1028,0,80,49740,20,14,0,0,1_3_0,0,43.60162155012784,43.60162155012784
1029,1,57,8259,6,3,0,5,1_3_0,1,43.60162155012784,43.60162155012784
1030,2,85,21623,3,8,50455,7,1_3_0,2,43.60162155012784,43.60162155012784
1031,3,111,57360,3,9,0,0,1_3_0,3,43.60162155012784,43.60162155012784
1032,4,88,36641,3,12,48855,4,1_3_0,4,43.60162155012784,43.60162155012784
1033,5,107,38996,6,12,51995,4,1_3_0,5,43.60162155012784,43.60162155012784
1034,6,62,79110,7,12,52740,2,1_3_0,6,43.60162155012784,43.60162155012784
1035,7,109,147360,7,12,49120,1,1_3_0,7,43.60162155012784,43.60162155012784
1036,8,103,52695,3,14,52695,3,1_3_0,8,43.60162155012784,43.60162155012784
1037,9,25,36892,4,17,49190,4,1_3_0,9,43.60162155012784,43.60162155012784
1038,10,87,27507,1,21,55015,6,1_3_0,10,43.60162155012784,43.60162155012784
1039,11,118,140355,1,21,46785,1,1_3_0,11,43.60162155012784,43.60162155012784
1040,12,19,20247,1,27,47245,7,1_3_0,12,43.60162155012784,43.60162155012784
1041,13,70,50845,3,28,50845,3,1_3_0,13,43.60162155012784,43.60162155012784
1042,14,5,24272,3,29,0,2,1_3_0,14,43.60162155012784,43.60162155012784
1043,15,112,6694,1,35,0,7,1_3_0,15,43.60162155012784,43.60162155012784
1044,16,29,8540,6,35,0,6,1_3_0,16,43.60162155012784,43.60162155012784
1045,17,65,25270,5,34,0,2,1_3_0,17,43.60162155012784,43.60162155012784
1046,18,104,12700,4,31,0,4,1_3_0,18,43.60162155012784,43.60162155012784
1047,19,91,10477,8,30,0,5,1_3_0,19,43.60162155012784,43.60162155012784
1048,20,44,25500,7,30,0,2,1_3_0,20,43.60162155012784,43.60162155012784
1049,21,106,24787,7,25,49575,6,1_3_0,21,43.60162155012784,43.60162155012784
1050,22,59,52110,8,23,52110,3,1_3_0,22,43.60162155012784,43.60162155012784
1051,23,64,53075,8,21,53075,3,1_3_0,23,43.60162155012784,43.60162155012784
1052,24,10,79215,10,16,52810,2,1_3_0,24,43.60162155012784,43.60162155012784
1053,25,80,49740,20,14,0,0,1_3_1,0,43.60162155012784,43.60162155012784
1054,26,57,8259,6,3,0,5,1_3_1,1,43.60162155012784,43.60162155012784
1055,27,85,21623,3,8,50455,7,1_3_1,2,43.60162155012784,43.60162155012784
1056,28,111,57360,3,9,0,0,1_3_1,3,43.60162155012784,43.60162155012784
1057,29,88,36641,3,12,48855,4,1_3_1,4,43.60162155012784,43.60162155012784
1058,30,107,38996,6,12,51995,4,1_3_1,5,43.60162155012784,43.60162155012784
1059,31,62,79110,7,12,52740,2,1_3_1,6,43.60162155012784,43.60162155012784
1060,32,109,147360,7,12,49120,1,1_3_1,7,43.60162155012784,43.60162155012784
1061,33,103,52695,3,14,52695,3,1_3_1,8,43.60162155012784,43.60162155012784
1062,34,25,36892,4,17,49190,4,1_3_1,9,43.60162155012784,43.60162155012784
1063,35,6,37331,7,18,49775,4,1_3_1,10,43.60162155012784,43.60162155012784
1064,36,37,161760,7,18,53920,1,1_3_1,11,43.60162155012784,43.60162155012784
1065,37,10,31686,10,16,52810,5,1_3_1,12,43.60162155012784,43.60162155012784
1066,38,30,38636,12,18,51515,4,1_3_1,13,43.60162155012784,43.60162155012784
1067,39,95,49845,13,20,49845,3,1_3_1,14,43.60162155012784,43.60162155012784
1068,40,82,77782,14,19,51855,2,1_3_1,15,43.60162155012784,43.60162155012784
1069,41,28,48150,16,20,48150,3,1_3_1,16,43.60162155012784,43.60162155012784
1070,42,2,12470,19,19,0,4,1_3_1,17,43.60162155012784,43.60162155012784
1071,43,12,13143,21,17,0,4,1_3_1,18,43.60162155012784,43.60162155012784
1072,44,3,8330,18,13,0,6,1_3_1,19,43.60162155012784,43.60162155012784
1073,45,75,12872,16,11,0,4,1_3_1,20,43.60162155012784,43.60162155012784
1074,46,73,29718,13,14,49530,5,1_3_1,21,43.60162155012784,43.60162155012784
1075,47,24,16945,14,12,0,3,1_3_1,22,43.60162155012784,43.60162155012784
1076,48,125,15915,13,14,0,3,1_3_1,23,43.60162155012784,43.60162155012784
1077,49,67,73545,12,13,49030,2,1_3_1,24,43.60162155012784,43.60162155012784
1078,0,77,50525,32,9,50525,0,2_0_0,0,58.64204284982871,58.28936197865391
1079,1,51,36566,32,12,48755,4,2_0_0,1,58.64204284982871,58.28936197865391
1080,2,14,53000,34,13,53000,3,2_0_0,2,58.64204284982871,58.28936197865391
1081,3,20,13521,36,3,49580,11,2_0_0,3,58.64204284982871,58.28936197865391
1082,4,86,33716,35,6,44955,4,2_0_0,4,58.64204284982871,58.28936197865391
1083,5,21,50015,33,6,50015,3,2_0_0,5,58.64204284982871,58.28936197865391
1084,6,76,22292,30,1,52015,7,2_0_0,6,58.64204284982871,58.28936197865391
1085,7,61,6991,26,6,0,7,2_0_0,7,58.64204284982871,58.28936197865391
1086,8,56,8977,21,4,0,6,2_0_0,8,58.64204284982871,58.28936197865391
1087,9,5,8090,3,29,0,6,2_0_0,9,58.64204284982871,58.28936197865391
1088,10,110,51690,2,27,51690,3,2_0_0,10,58.64204284982871,58.28936197865391
1089,11,11,39056,1,24,52075,4,2_0_0,11,58.64204284982871,58.28936197865391
1090,12,19,11811,1,27,0,4,2_0_0,12,58.64204284982871,58.28936197865391
1091,13,105,22690,7,26,52945,7,2_0_0,13,58.64204284982871,58.28936197865391
1092,14,106,24787,7,25,0,2,2_0_0,14,58.64204284982871,58.28936197865391
1093,15,59,17370,8,23,0,3,2_0_0,15,58.64204284982871,58.28936197865391
1094,16,64,17691,8,21,0,3,2_0_0,16,58.64204284982871,58.28936197865391
1095,17,10,26405,10,16,52810,6,2_0_0,17,58.64204284982871,58.28936197865391
1096,18,67,29418,12,13,49030,5,2_0_0,18,58.64204284982871,58.28936197865391
1097,19,73,74295,13,14,49530,2,2_0_0,19,58.64204284982871,58.28936197865391
1098,20,75,10298,16,11,0,5,2_0_0,20,58.64204284982871,58.28936197865391
1099,21,3,37485,18,13,49980,4,2_0_0,21,58.64204284982871,58.28936197865391
1100,22,80,49740,20,14,49740,3,2_0_0,22,58.64204284982871,58.28936197865391
1101,23,98,80362,21,13,53575,2,2_0_0,23,58.64204284982871,58.28936197865391
1102,24,49,33371,23,11,44495,4,2_0_0,24,58.64204284982871,58.28936197865391
1103,25,119,52405,19,22,52405,0,2_0_1,0,58.64204284982871,58.28936197865391
1104,26,2,37410,19,19,49880,4,2_0_1,1,58.64204284982871,58.28936197865391
1105,27,82,8642,14,19,0,6,2_0_1,2,58.64204284982871,58.28936197865391
1106,28,10,26405,10,16,52810,6,2_0_1,3,58.64204284982871,58.28936197865391
1107,29,73,29718,13,14,49530,5,2_0_1,4,58.64204284982871,58.28936197865391
1108,30,50,24650,14,13,0,2,2_0_1,5,58.64204284982871,58.28936197865391
1109,31,3,29988,18,13,49980,5,2_0_1,6,58.64204284982871,58.28936197865391
1110,32,80,49740,20,14,49740,3,2_0_1,7,58.64204284982871,58.28936197865391
1111,33,98,80362,21,13,53575,2,2_0_1,8,58.64204284982871,58.28936197865391
1112,34,49,33371,23,11,44495,4,2_0_1,9,58.64204284982871,58.28936197865391
1113,35,74,75195,24,10,50130,2,2_0_1,10,58.64204284982871,58.28936197865391
1114,36,100,51240,22,9,51240,3,2_0_1,11,58.64204284982871,58.28936197865391
1115,37,56,8977,21,4,0,6,2_0_1,12,58.64204284982871,58.28936197865391
1116,38,7,9541,24,6,0,5,2_0_1,13,58.64204284982871,58.28936197865391
1117,39,46,53625,24,6,0,1,2_0_1,14,58.64204284982871,58.28936197865391
1118,40,61,16313,26,6,0,3,2_0_1,15,58.64204284982871,58.28936197865391
1119,41,33,25095,27,6,0,2,2_0_1,16,58.64204284982871,58.28936197865391
1120,42,127,35471,27,11,47295,4,2_0_1,17,58.64204284982871,58.28936197865391
1121,43,93,9703,31,11,0,5,2_0_1,18,58.64204284982871,58.28936197865391
1122,44,77,50525,32,9,50525,3,2_0_1,19,58.64204284982871,58.28936197865391
1123,45,51,36566,32,12,48755,4,2_0_1,20,58.64204284982871,58.28936197865391
1124,46,14,53000,34,13,53000,3,2_0_1,21,58.64204284982871,58.28936197865391
1125,47,84,54400,32,12,54400,3,2_0_1,22,58.64204284982871,58.28936197865391
1126,48,112,46860,1,35,46860,0,2_0_2,0,58.64204284982871,58.28936197865391
1127,49,104,8466,4,31,0,6,2_0_2,1,58.64204284982871,58.28936197865391
1128,50,44,38250,7,30,51000,4,2_0_2,2,58.64204284982871,58.28936197865391
1129,51,91,78577,8,30,52385,2,2_0_2,3,58.64204284982871,58.28936197865391
1130,52,114,56230,10,30,56230,3,2_0_2,4,58.64204284982871,58.28936197865391
1131,53,43,70320,11,30,46880,2,2_0_2,5,58.64204284982871,58.28936197865391
1132,54,99,31977,8,32,53295,5,2_0_2,6,58.64204284982871,58.28936197865391
1133,55,29,30744,6,35,51240,5,2_0_2,7,58.64204284982871,58.28936197865391
1134,56,65,75810,5,34,50540,2,2_0_2,8,58.64204284982871,58.28936197865391
1135,57,100,25620,22,9,51240,6,2_0_2,9,58.64204284982871,58.28936197865391
1136,58,49,44495,23,11,44495,3,2_0_2,10,58.64204284982871,58.28936197865391
1137,59,74,50130,24,10,50130,3,2_0_2,11,58.64204284982871,58.28936197865391
1138,60,127,35471,27,11,47295,4,2_0_2,12,58.64204284982871,58.28936197865391
1139,61,93,9703,31,11,0,5,2_0_2,13,58.64204284982871,58.28936197865391
1140,62,77,50525,32,9,50525,3,2_0_2,14,58.64204284982871,58.28936197865391
1141,63,51,36566,32,12,48755,4,2_0_2,15,58.64204284982871,58.28936197865391
1142,64,14,53000,34,13,53000,3,2_0_2,16,58.64204284982871,58.28936197865391
1143,65,84,54400,32,12,54400,3,2_0_2,17,58.64204284982871,58.28936197865391
1144,0,64,53075,8,21,53075,0,2_1_0,0,55.22989808969755,54.6959545323266
1145,1,10,8801,10,16,0,6,2_1_0,1,55.22989808969755,54.6959545323266
1146,2,73,9906,13,14,0,5,2_1_0,2,55.22989808969755,54.6959545323266
1147,3,67,24515,12,13,0,2,2_1_0,3,55.22989808969755,54.6959545323266
1148,4,125,71617,13,14,47745,2,2_1_0,4,55.22989808969755,54.6959545323266
1149,5,50,73950,14,13,49300,2,2_1_0,5,55.22989808969755,54.6959545323266
1150,6,7,47705,24,6,47705,0,2_1_0,6,55.22989808969755,54.6959545323266
1151,7,113,24760,23,1,49520,6,2_1_0,7,55.22989808969755,54.6959545323266
1152,8,3,24990,18,13,0,2,2_1_0,8,55.22989808969755,54.6959545323266
1153,9,94,15298,28,19,0,3,2_1_0,9,55.22989808969755,54.6959545323266
1154,10,89,24590,28,24,49180,6,2_1_0,10,55.22989808969755,54.6959545323266
1155,11,122,72135,29,23,48090,2,2_1_0,11,55.22989808969755,54.6959545323266
1156,12,92,12975,31,25,0,4,2_1_0,12,55.22989808969755,54.6959545323266
1157,13,126,79395,32,26,52930,2,2_1_0,13,55.22989808969755,54.6959545323266
1158,14,22,16239,35,34,54130,10,2_1_0,14,55.22989808969755,54.6959545323266
1159,15,120,77565,34,35,51710,2,2_1_0,15,55.22989808969755,54.6959545323266
1160,16,23,26403,31,32,44005,5,2_1_0,16,55.22989808969755,54.6959545323266
1161,17,9,77452,31,33,51635,2,2_1_0,17,55.22989808969755,54.6959545323266
1162,18,58,25162,26,35,50325,6,2_1_0,18,55.22989808969755,54.6959545323266
1163,19,31,25572,25,30,51145,6,2_1_0,19,55.22989808969755,54.6959545323266
1164,20,40,30867,24,26,51445,5,2_1_0,20,55.22989808969755,54.6959545323266
1165,21,47,9386,22,22,0,5,2_1_0,21,55.22989808969755,54.6959545323266
1166,22,68,26105,18,19,52210,6,2_1_0,22,55.22989808969755,54.6959545323266
1167,23,54,51615,11,11,51615,0,2_1_1,0,55.22989808969755,54.6959545323266
1168,24,15,25565,10,11,0,2,2_1_1,1,55.22989808969755,54.6959545323266
1169,25,46,26812,24,6,53625,6,2_1_1,2,55.22989808969755,54.6959545323266
1170,26,61,48940,26,6,48940,3,2_1_1,3,55.22989808969755,54.6959545323266
1171,27,56,26932,21,4,53865,6,2_1_1,4,55.22989808969755,54.6959545323266
1172,28,17,34248,19,6,45665,4,2_1_1,5,55.22989808969755,54.6959545323266
1173,29,115,12282,17,8,0,4,2_1_1,6,55.22989808969755,54.6959545323266
1174,30,75,12872,16,11,0,4,2_1_1,7,55.22989808969755,54.6959545323266
1175,31,50,36975,14,13,49300,4,2_1_1,8,55.22989808969755,54.6959545323266
1176,32,125,71617,13,14,47745,2,2_1_1,9,55.22989808969755,54.6959545323266
1177,33,71,78795,12,14,52530,2,2_1_1,10,55.22989808969755,54.6959545323266
1178,34,10,13202,10,16,0,4,2_1_1,11,55.22989808969755,54.6959545323266
1179,35,30,38636,12,18,51515,4,2_1_1,12,55.22989808969755,54.6959545323266
1180,36,82,51855,14,19,51855,3,2_1_1,13,55.22989808969755,54.6959545323266
1181,37,9,77452,31,33,51635,2,2_1_1,14,55.22989808969755,54.6959545323266
1182,38,58,25162,26,35,50325,6,2_1_1,15,55.22989808969755,54.6959545323266
1183,39,31,25572,25,30,51145,6,2_1_1,16,55.22989808969755,54.6959545323266
1184,40,40,30867,24,26,51445,5,2_1_1,17,55.22989808969755,54.6959545323266
1185,41,47,9386,22,22,0,5,2_1_1,18,55.22989808969755,54.6959545323266
1186,42,68,26105,18,19,52210,6,2_1_1,19,55.22989808969755,54.6959545323266
1187,43,120,51710,34,35,51710,0,2_1_2,0,55.22989808969755,54.6959545323266
1188,44,9,30981,31,33,51635,5,2_1_2,1,55.22989808969755,54.6959545323266
1189,45,31,19179,25,30,51145,8,2_1_2,2,55.22989808969755,54.6959545323266
1190,46,34,68610,24,29,45740,2,2_1_2,3,55.22989808969755,54.6959545323266
1191,47,40,38583,24,26,51445,4,2_1_2,4,55.22989808969755,54.6959545323266
1192,48,47,9386,22,22,0,5,2_1_2,5,55.22989808969755,54.6959545323266
1193,49,12,26287,21,17,52575,6,2_1_2,6,55.22989808969755,54.6959545323266
1194,50,80,12435,20,14,0,4,2_1_2,7,55.22989808969755,54.6959545323266
1195,51,38,39607,17,13,52810,4,2_1_2,8,55.22989808969755,54.6959545323266
1196,52,3,24990,18,13,0,2,2_1_2,9,55.22989808969755,54.6959545323266
1197,53,75,12872,16,11,0,4,2_1_2,10,55.22989808969755,54.6959545323266
1198,54,24,16945,14,12,0,3,2_1_2,11,55.22989808969755,54.6959545323266
1199,55,125,47745,13,14,47745,3,2_1_2,12,55.22989808969755,54.6959545323266
1200,56,50,73950,14,13,49300,2,2_1_2,13,55.22989808969755,54.6959545323266
1201,57,73,24765,13,14,0,2,2_1_2,14,55.22989808969755,54.6959545323266
1202,58,71,78795,12,14,52530,2,2_1_2,15,55.22989808969755,54.6959545323266
1203,59,10,13202,10,16,0,4,2_1_2,16,55.22989808969755,54.6959545323266
1204,60,30,38636,12,18,51515,4,2_1_2,17,55.22989808969755,54.6959545323266
1205,61,82,51855,14,19,51855,3,2_1_2,18,55.22989808969755,54.6959545323266
1206,62,123,28890,14,23,48150,5,2_1_2,19,55.22989808969755,54.6959545323266
1207,63,95,12461,13,20,0,4,2_1_2,20,55.22989808969755,54.6959545323266
1208,64,28,12037,16,20,0,4,2_1_2,21,55.22989808969755,54.6959545323266
1209,0,23,44005,31,32,44005,0,3_0_0,0,56.39537603660279,55.28014440949384
1210,1,36,6353,36,27,0,8,3_0_0,1,56.39537603660279,55.28014440949384
1211,2,126,31758,32,26,52930,5,3_0_0,2,56.39537603660279,55.28014440949384
1212,3,122,28854,29,23,48090,5,3_0_0,3,56.39537603660279,55.28014440949384
1213,4,26,27564,27,26,45940,5,3_0_0,4,56.39537603660279,55.28014440949384
1214,5,39,7510,21,28,0,7,3_0_0,5,56.39537603660279,55.28014440949384
1215,6,40,30867,24,26,51445,5,3_0_0,6,56.39537603660279,55.28014440949384
1216,7,34,34305,24,29,45740,4,3_0_0,7,56.39537603660279,55.28014440949384
1217,8,42,30825,28,30,51375,5,3_0_0,8,56.39537603660279,55.28014440949384
1218,9,31,38358,25,30,51145,4,3_0_0,9,56.39537603660279,55.28014440949384
1219,10,55,25960,20,32,51920,6,3_0_0,10,56.39537603660279,55.28014440949384
1220,11,52,8459,18,27,0,6,3_0_0,11,56.39537603660279,55.28014440949384
1221,12,32,25437,19,27,0,2,3_0_0,12,56.39537603660279,55.28014440949384
1222,13,53,18135,17,26,0,3,3_0_0,13,56.39537603660279,55.28014440949384
1223,14,28,20635,16,20,48150,7,3_0_0,14,56.39537603660279,55.28014440949384
1224,15,2,37410,19,19,49880,4,3_0_0,15,56.39537603660279,55.28014440949384
1225,16,68,26105,18,19,0,2,3_0_0,16,56.39537603660279,55.28014440949384
1226,17,78,16616,20,17,0,3,3_0_0,17,56.39537603660279,55.28014440949384
1227,18,6,149325,7,18,49775,1,3_0_0,18,56.39537603660279,55.28014440949384
1228,19,25,36892,4,17,49190,4,3_0_0,19,56.39537603660279,55.28014440949384
1229,20,87,9169,1,21,0,6,3_0_0,20,56.39537603660279,55.28014440949384
1230,21,118,140355,1,21,46785,1,3_0_0,21,56.39537603660279,55.28014440949384
1231,22,11,13018,1,24,0,4,3_0_0,22,56.39537603660279,55.28014440949384
1232,23,19,35433,1,27,47245,4,3_0_0,23,56.39537603660279,55.28014440949384
1233,24,52,50755,18,27,0,0,3_0_1,0,56.39537603660279,55.28014440949384
1234,25,53,27202,17,26,0,2,3_0_1,1,56.39537603660279,55.28014440949384
1235,26,90,9558,14,29,0,5,3_0_1,2,56.39537603660279,55.28014440949384
1236,27,32,8479,19,27,0,6,3_0_1,3,56.39537603660279,55.28014440949384
1237,28,34,22870,24,29,45740,6,3_0_1,4,56.39537603660279,55.28014440949384
1238,29,26,27564,27,26,45940,5,3_0_1,5,56.39537603660279,55.28014440949384
1239,30,89,49180,28,24,49180,3,3_0_1,6,56.39537603660279,55.28014440949384
1240,31,122,72135,29,23,48090,2,3_0_1,7,56.39537603660279,55.28014440949384
1241,32,126,31758,32,26,52930,5,3_0_1,8,56.39537603660279,55.28014440949384
1242,33,92,25950,31,25,0,2,3_0_1,9,56.39537603660279,55.28014440949384
1243,34,36,8470,36,27,0,6,3_0_1,10,56.39537603660279,55.28014440949384
1244,35,73,16510,13,14,0,3,3_0_1,11,56.39537603660279,55.28014440949384
1245,36,50,24650,14,13,0,2,3_0_1,12,56.39537603660279,55.28014440949384
1246,37,75,12872,16,11,0,4,3_0_1,13,56.39537603660279,55.28014440949384
1247,38,115,36847,17,8,49130,4,3_0_1,14,56.39537603660279,55.28014440949384
1248,39,3,74970,18,13,49980,2,3_0_1,15,56.39537603660279,55.28014440949384
1249,40,49,33371,23,11,44495,4,3_0_1,16,56.39537603660279,55.28014440949384
1250,41,74,75195,24,10,50130,2,3_0_1,17,56.39537603660279,55.28014440949384
1251,42,127,11823,27,11,0,4,3_0_1,18,56.39537603660279,55.28014440949384
1252,43,93,9703,31,11,0,5,3_0_1,19,56.39537603660279,55.28014440949384
1253,44,84,27200,32,12,0,2,3_0_1,20,56.39537603660279,55.28014440949384
1254,45,51,146265,32,12,48755,1,3_0_1,21,56.39537603660279,55.28014440949384
1255,46,14,17666,34,13,0,3,3_0_1,22,56.39537603660279,55.28014440949384
1256,47,96,7550,35,18,0,6,3_0_1,23,56.39537603660279,55.28014440949384
1257,48,66,7525,30,17,0,6,3_0_1,24,56.39537603660279,55.28014440949384
1258,49,56,53865,21,4,0,0,3_0_2,0,56.39537603660279,55.28014440949384
1259,50,100,25620,22,9,51240,6,3_0_2,1,56.39537603660279,55.28014440949384
1260,51,49,44495,23,11,44495,3,3_0_2,2,56.39537603660279,55.28014440949384
1261,52,98,40181,21,13,53575,4,3_0_2,3,56.39537603660279,55.28014440949384
1262,53,80,49740,20,14,49740,3,3_0_2,4,56.39537603660279,55.28014440949384
1263,54,12,13143,21,17,0,4,3_0_2,5,56.39537603660279,55.28014440949384
1264,55,78,24925,20,17,0,2,3_0_2,6,56.39537603660279,55.28014440949384
1265,56,1,12473,23,16,0,4,3_0_2,7,56.39537603660279,55.28014440949384
1266,57,27,17038,25,16,0,3,3_0_2,8,56.39537603660279,55.28014440949384
1267,58,121,13341,27,18,0,4,3_0_2,9,56.39537603660279,55.28014440949384
1268,59,94,22947,28,19,0,2,3_0_2,10,56.39537603660279,55.28014440949384
1269,60,89,24590,28,24,49180,6,3_0_2,11,56.39537603660279,55.28014440949384
1270,61,26,45940,27,26,45940,3,3_0_2,12,56.39537603660279,55.28014440949384
1271,62,42,30825,28,30,51375,5,3_0_2,13,56.39537603660279,55.28014440949384
1272,63,22,18043,35,34,54130,9,3_0_2,14,56.39537603660279,55.28014440949384
1273,64,120,77565,34,35,51710,2,3_0_2,15,56.39537603660279,55.28014440949384
1274,65,23,26403,31,32,44005,5,3_0_2,16,56.39537603660279,55.28014440949384
1275,66,36,6353,36,27,0,8,3_0_2,17,56.39537603660279,55.28014440949384
1276,67,126,31758,32,26,52930,5,3_0_2,18,56.39537603660279,55.28014440949384
1277,0,6,49775,7,18,0,0,4_1_0,0,65.37195332719217,65.37195332719217
1278,1,37,161760,7,18,53920,1,4_1_0,1,65.37195332719217,65.37195332719217
1279,2,81,39371,10,17,52495,4,4_1_0,2,65.37195332719217,65.37195332719217
1280,3,10,79215,10,16,52810,2,4_1_0,3,65.37195332719217,65.37195332719217
1281,4,67,29418,12,13,49030,5,4_1_0,4,65.37195332719217,65.37195332719217
1282,5,125,23872,13,14,0,2,4_1_0,5,65.37195332719217,65.37195332719217
1283,6,73,148590,13,14,49530,1,4_1_0,6,65.37195332719217,65.37195332719217
1284,7,50,24650,14,13,0,2,4_1_0,7,65.37195332719217,65.37195332719217
1285,8,75,38617,16,11,51490,4,4_1_0,8,65.37195332719217,65.37195332719217
1286,9,3,12495,18,13,0,4,4_1_0,9,65.37195332719217,65.37195332719217
1287,10,49,7415,23,11,0,6,4_1_0,10,65.37195332719217,65.37195332719217
1288,11,1,24947,23,16,49895,6,4_1_0,11,65.37195332719217,65.37195332719217
1289,12,102,24062,26,19,0,2,4_1_0,12,65.37195332719217,65.37195332719217
1290,13,89,24590,28,24,49180,6,4_1_0,13,65.37195332719217,65.37195332719217
1291,14,122,72135,29,23,48090,2,4_1_0,14,65.37195332719217,65.37195332719217
1292,15,126,31758,32,26,52930,5,4_1_0,15,65.37195332719217,65.37195332719217
1293,16,23,18859,31,32,44005,7,4_1_0,16,65.37195332719217,65.37195332719217
1294,17,9,77452,31,33,51635,2,4_1_0,17,65.37195332719217,65.37195332719217
1295,18,31,19179,25,30,51145,8,4_1_0,18,65.37195332719217,65.37195332719217
1296,19,55,25960,20,32,51920,6,4_1_0,19,65.37195332719217,65.37195332719217
1297,20,52,8459,18,27,0,6,4_1_0,20,65.37195332719217,65.37195332719217
1298,21,53,27202,17,26,0,2,4_1_0,21,65.37195332719217,65.37195332719217
1299,22,32,16958,19,27,0,3,4_1_0,22,65.37195332719217,65.37195332719217
1300,23,48,6964,18,33,0,7,4_1_0,23,65.37195332719217,65.37195332719217
1301,24,116,51200,7,10,51200,0,4_1_1,0,65.37195332719217,65.37195332719217
1302,25,109,49120,7,12,49120,3,4_1_1,1,65.37195332719217,65.37195332719217
1303,26,15,12782,10,11,0,4,4_1_1,2,65.37195332719217,65.37195332719217
1304,27,107,31197,6,12,51995,5,4_1_1,3,65.37195332719217,65.37195332719217
1305,28,62,79110,7,12,52740,2,4_1_1,4,65.37195332719217,65.37195332719217
1306,29,88,29313,3,12,48855,5,4_1_1,5,65.37195332719217,65.37195332719217
1307,30,103,52695,3,14,52695,3,4_1_1,6,65.37195332719217,65.37195332719217
1308,31,25,12297,4,17,0,4,4_1_1,7,65.37195332719217,65.37195332719217
1309,32,6,12443,7,18,0,4,4_1_1,8,65.37195332719217,65.37195332719217
1310,33,37,161760,7,18,53920,1,4_1_1,9,65.37195332719217,65.37195332719217
1311,34,30,8585,12,18,0,6,4_1_1,10,65.37195332719217,65.37195332719217
1312,35,82,17285,14,19,0,3,4_1_1,11,65.37195332719217,65.37195332719217
1313,36,95,24922,13,20,0,2,4_1_1,12,65.37195332719217,65.37195332719217
1314,37,28,12037,16,20,0,4,4_1_1,13,65.37195332719217,65.37195332719217
1315,38,2,12470,19,19,0,4,4_1_1,14,65.37195332719217,65.37195332719217
1316,39,78,49850,20,17,49850,3,4_1_1,15,65.37195332719217,65.37195332719217
1317,40,1,37421,23,16,49895,4,4_1_1,16,65.37195332719217,65.37195332719217
1318,41,49,7415,23,11,0,6,4_1_1,17,65.37195332719217,65.37195332719217
1319,42,74,25065,24,10,0,2,4_1_1,18,65.37195332719217,65.37195332719217
1320,43,61,9788,26,6,0,5,4_1_1,19,65.37195332719217,65.37195332719217
1321,44,33,75285,27,6,50190,2,4_1_1,20,65.37195332719217,65.37195332719217
1322,45,20,4958,36,3,0,10,4_1_1,21,65.37195332719217,65.37195332719217
1323,46,14,4818,34,13,0,11,4_1_1,22,65.37195332719217,65.37195332719217
1324,47,77,10105,32,9,0,5,4_1_1,23,65.37195332719217,65.37195332719217
1325,48,86,8991,35,6,0,5,4_1_1,24,65.37195332719217,65.37195332719217
